amfi_code,CAGR_3Y,Sharpe_Ratio,Alpha,Maximum_Drawdown,expense_ratio_pct,Return_Rank,Sharpe_Rank,Alpha_Rank,Expense_Rank,Drawdown_Rank,Return_Score,Sharpe_Score,Alpha_Score,Expense_Score,Drawdown_Score,Fund_Score,Overall_Rank
148567,34.00091602163293,1.4128532757880052,0.264345711453572,-0.1126572907502827,1.46,2.0,1.0,8.0,23.0,8.0,97.43589743589743,100.0,82.05128205128204,43.58974358974359,82.05128205128204,85.38461538461537,1
120505,31.777537151234704,1.1808728409797056,0.2923698228795052,-0.1818851357211629,1.36,5.0,5.0,3.0,15.0,25.0,89.74358974358975,89.74358974358975,94.87179487179486,64.1025641025641,38.46153846153847,81.7948717948718,2
120843,29.58277033726251,1.292626308239944,0.2707891146643884,-0.1297396816518679,1.45,7.0,2.0,6.0,22.0,13.0,84.61538461538461,97.43589743589743,87.17948717948718,46.15384615384615,69.23076923076923,81.02564102564102,3
100033,32.44245942195612,1.1235136999927675,0.2777692256220888,-0.1621720857464484,1.38,4.0,7.0,5.0,17.0,20.0,92.3076923076923,84.61538461538461,89.74358974358975,58.97435897435898,51.28205128205128,80.76923076923076,4
120504,32.48742855621496,1.0211469007276857,0.2111542713599757,-0.1258827560692251,0.8,3.0,10.0,13.0,12.0,12.0,94.87179487179486,76.92307692307693,69.23076923076923,71.7948717948718,71.7948717948718,79.48717948717949,5
119094,35.11180209642853,0.986744797980384,0.2588898664828327,-0.2096088386203919,1.38,1.0,12.0,9.0,17.0,29.0,100.0,71.7948717948718,79.48717948717949,58.97435897435898,28.205128205128204,75.51282051282051,6
119551,30.456524420302888,1.1811738333513888,0.2284008767161427,-0.1501238549864533,1.54,6.0,4.0,10.0,30.5,17.0,87.17948717948718,92.3076923076923,76.92307692307693,24.358974358974358,58.97435897435898,74.16666666666667,7
148569,29.178901578393777,1.2080984623697857,0.2779779435908718,-0.1639674294693263,1.6,8.0,3.0,4.0,36.5,21.0,82.05128205128204,94.87179487179486,92.3076923076923,8.974358974358974,48.717948717948715,73.01282051282051,8
101206,28.96769452874166,1.0254587302001903,0.2138697650394284,-0.1129159632932307,1.6,9.0,9.0,12.0,36.5,9.0,79.48717948717949,79.48717948717949,71.7948717948718,8.974358974358974,79.48717948717949,67.37179487179486,9
119598,26.66992200118774,0.9608987931401658,0.3076248589870728,-0.2870600572176455,1.43,12.0,14.0,1.0,21.0,36.0,71.7948717948718,66.66666666666666,100.0,48.717948717948715,10.256410256410255,66.53846153846153,10
149323,26.869990828902203,1.1415041096777283,0.2677616702978756,-0.1724810575345138,1.61,11.0,6.0,7.0,38.0,22.0,74.35897435897436,87.17948717948718,84.61538461538461,5.128205128205128,46.15384615384615,66.41025641025641,11
149324,27.000426614519245,0.971125745985578,0.3061327298502288,-0.3117190030063421,1.52,10.0,13.0,2.0,26.5,37.0,76.92307692307693,69.23076923076923,97.43589743589743,34.61538461538461,7.6923076923076925,65.83333333333334,12
119552,16.267372294624916,1.0132053911303087,0.2069895930548681,-0.1180349350276429,0.66,23.0,11.0,15.0,4.0,11.0,43.58974358974359,74.35897435897436,64.1025641025641,92.3076923076923,74.35897435897436,65.76923076923077,13
118632,22.652359830098632,1.0709170415736664,0.2169822805887724,-0.1741407508665723,1.51,14.0,8.0,11.0,24.5,23.0,66.66666666666666,82.05128205128204,74.35897435897436,39.743589743589745,43.58974358974359,65.7051282051282,14
125497,18.434488610520173,0.7755963376597803,0.1772677617379795,-0.1520001305560639,0.92,19.0,17.0,17.0,14.0,18.0,53.84615384615385,58.97435897435898,58.97435897435898,66.66666666666666,56.41025641025641,58.333333333333336,15
118633,21.08997654925684,0.6881005484972931,0.1625533842176457,-0.1862974313859551,0.72,15.0,20.0,22.0,5.5,26.0,64.1025641025641,51.28205128205128,46.15384615384615,88.46153846153845,35.8974358974359,58.14102564102564,16
118635,20.00820838047148,0.701733105885417,0.1561196952620206,-0.1151145759897551,0.89,17.0,19.0,23.0,13.0,10.0,58.97435897435898,53.84615384615385,43.58974358974359,69.23076923076923,76.92307692307693,57.948717948717956,17
102885,19.66726206830185,0.7898904302877792,0.1668181877296905,-0.1085986215250232,1.57,18.0,16.0,19.0,34.0,7.0,56.41025641025641,61.53846153846154,53.84615384615385,15.384615384615385,84.61538461538461,53.84615384615385,18
148568,14.748035533586012,0.925025277537496,0.2084837862240823,-0.1527259422823477,1.52,24.0,15.0,14.0,26.5,19.0,41.02564102564102,64.1025641025641,66.66666666666666,34.61538461538461,53.84615384615385,52.243589743589745,19
120503,13.978381933703044,0.7666570597535718,0.1728173852756644,-0.1389786282306163,1.42,25.0,18.0,18.0,20.0,14.0,38.46153846153847,56.41025641025641,56.41025641025641,51.28205128205128,66.66666666666666,51.282051282051285,20
120506,18.421996537444542,0.6494528235657365,0.1626107247239996,-0.1982565826298267,1.41,20.0,21.0,21.0,19.0,27.0,51.28205128205128,48.717948717948715,48.717948717948715,53.84615384615385,33.33333333333333,48.71794871794872,21
119093,20.816771175535862,0.151293897569642,0.0853096971071234,-0.2175139637014822,0.75,16.0,29.0,28.0,8.0,31.0,61.53846153846154,28.205128205128204,30.76923076923077,82.05128205128204,23.076923076923077,46.28205128205128,22
102887,25.556187904126524,0.6265510844310103,0.1632096873198784,-0.1996498897029774,1.64,13.0,22.0,20.0,39.5,28.0,69.23076923076923,46.15384615384615,51.28205128205128,1.282051282051282,30.76923076923077,45.833333333333336,23
120507,7.394286300360076,0.4745855070918636,0.0673593541371984,-0.0009773140045925,0.74,29.0,25.0,31.0,7.0,1.0,28.205128205128204,38.46153846153847,23.076923076923077,84.61538461538461,100.0,45.38461538461539,24
149322,18.04420648663614,0.4951282000306243,0.136291434684618,-0.1411198653488312,1.54,21.0,23.0,24.0,30.5,15.0,48.717948717948715,43.58974358974359,41.02564102564102,24.358974358974358,64.1025641025641,43.78205128205128,25
125498,11.245222866621418,0.3174429616295172,0.1230439859218706,-0.2111727956013211,0.78,26.0,27.0,26.0,10.0,30.0,35.8974358974359,33.33333333333333,35.8974358974359,76.92307692307693,25.64102564102564,40.38461538461538,26
120844,6.695971624586994,-0.1138438223297802,0.064428735797506,-0.0011629327956168,0.6,30.0,34.0,32.0,3.0,2.0,25.64102564102564,15.384615384615385,20.51282051282051,94.87179487179486,97.43589743589743,39.61538461538461,27
120841,17.26727508371786,0.4781992007182724,0.1281750971611409,-0.1757361416468729,1.59,22.0,24.0,25.0,35.0,24.0,46.15384615384615,41.02564102564102,38.46153846153847,12.82051282051282,41.02564102564102,37.82051282051282,28
118634,8.007927728656083,0.4580887358085726,0.1773143844609713,-0.2334488614483311,1.53,27.0,26.0,16.0,28.5,32.0,33.33333333333333,35.8974358974359,61.53846153846154,29.48717948717949,20.51282051282051,37.756410256410255,29
118636,4.062205023777143,-0.3718566370827231,0.0501085410244222,-0.083163617636387,0.55,33.0,38.0,36.0,1.0,6.0,17.94871794871795,5.128205128205128,10.256410256410255,100.0,87.17948717948718,32.43589743589743,30
119120,5.840358798463097,-0.2823189847787745,0.0540168371014147,-0.0432872892397009,0.77,32.0,37.0,35.0,9.0,5.0,20.51282051282051,7.6923076923076925,12.82051282051282,79.48717948717949,89.74358974358975,31.53846153846154,31
101208,6.315784491375509,-0.7883869630443752,0.0610015889127453,-0.0016224980244717,0.79,31.0,40.0,33.0,11.0,3.0,23.076923076923077,0.0,17.94871794871795,74.35897435897436,94.87179487179486,31.153846153846153,32
100025,3.9163899571040384,-0.5333509041661348,0.0441573820405357,-0.0430826382463634,0.56,34.0,39.0,37.0,2.0,4.0,15.384615384615385,2.564102564102564,7.6923076923076925,97.43589743589743,92.3076923076923,30.641025641025642,33
120842,7.756003551327284,0.0316693549264828,0.0699729039462335,-0.2400351132627488,1.56,28.0,31.0,30.0,33.0,33.0,30.76923076923077,23.076923076923077,25.64102564102564,17.94871794871795,17.94871794871795,24.615384615384617,34
119599,-1.337386614488112,-0.0321551395660609,0.0550082001821058,-0.5257422117012851,0.72,38.0,32.0,34.0,5.5,40.0,5.128205128205128,20.51282051282051,15.384615384615385,88.46153846153845,0.0,23.01282051282051,35
119092,0.5258871209757432,0.0386123138044925,0.0700748551172753,-0.1440161790933726,1.64,36.0,30.0,29.0,39.5,16.0,10.256410256410255,25.64102564102564,28.205128205128204,1.282051282051282,61.53846153846154,21.474358974358974,36
101207,-4.152381044854481,0.197367092060128,0.1182064579755451,-0.3544691649336603,1.53,39.0,28.0,27.0,28.5,38.0,2.564102564102564,30.76923076923077,33.33333333333333,29.48717948717949,5.128205128205128,20.064102564102562,37
119095,-11.705806723995272,-0.1090231847271292,0.0398479919299929,-0.5167775370852656,1.38,40.0,33.0,38.0,17.0,39.0,0.0,17.94871794871795,5.128205128205128,58.97435897435898,2.564102564102564,14.615384615384617,38
100016,1.292649342495622,-0.1876947950123622,0.0397794553020616,-0.247344408806733,1.55,35.0,35.0,39.0,32.0,34.0,12.82051282051282,12.82051282051282,2.564102564102564,20.51282051282051,15.384615384615385,12.179487179487179,39
102886,-0.7674063178547241,-0.2657764026617163,0.0182424058764944,-0.2800112356639287,1.51,37.0,36.0,40.0,24.5,35.0,7.6923076923076925,10.256410256410255,0.0,39.743589743589745,12.82051282051282,12.115384615384613,40
