date,nav_historical,nav_api,difference
2013-11-18,13.0894,13.0894,0.0
2013-11-19,13.1068,13.1068,0.0
2013-11-20,12.9549,12.9549,0.0
2013-11-21,12.7957,12.7957,0.0
2013-11-22,12.7775,12.7775,0.0
2013-11-25,12.8548,12.8548,0.0
2013-11-26,12.8591,12.8591,0.0
2013-11-27,12.8389,12.8389,0.0
2013-11-28,12.8773,12.8773,0.0
2013-11-29,12.9509,12.9509,0.0
2013-12-02,13.0012,13.0012,0.0
2013-12-03,13.0048,13.0048,0.0
2013-12-04,12.9799,12.9799,0.0
2013-12-05,13.0319,13.0319,0.0
2013-12-06,13.0439,13.0439,0.0
2013-12-09,13.0282,13.0282,0.0
2013-12-10,13.0325,13.0325,0.0
2013-12-11,13.0129,13.0129,0.0
2013-12-12,13.0021,13.0021,0.0
2013-12-13,12.9891,12.9891,0.0
2013-12-16,13.0345,13.0345,0.0
2013-12-17,12.9569,12.9569,0.0
2013-12-18,13.0672,13.0672,0.0
2013-12-19,13.1392,13.1392,0.0
2013-12-20,13.1776,13.1776,0.0
2013-12-23,13.1886,13.1886,0.0
2013-12-24,13.2683,13.2683,0.0
2013-12-26,13.4811,13.4811,0.0
2013-12-27,13.5024,13.5024,0.0
2013-12-30,13.5862,13.5862,0.0
2013-12-31,13.7277,13.7277,0.0
2014-01-01,13.7418,13.7418,0.0
2014-01-02,13.7553,13.7553,0.0
2014-01-03,13.8494,13.8494,0.0
2014-01-06,13.8568,13.8568,0.0
2014-01-07,13.9214,13.9214,0.0
2014-01-08,14.0081,14.0081,0.0
2014-01-09,13.8644,13.8644,0.0
2014-01-10,13.8143,13.8143,0.0
2014-01-13,13.7909,13.7909,0.0
2014-01-14,13.8249,13.8249,0.0
2014-01-15,14.0209,14.0209,0.0
2014-01-16,14.0042,14.0042,0.0
2014-01-17,13.7841,13.7841,0.0
2014-01-20,13.8144,13.8144,0.0
2014-01-21,13.8659,13.8659,0.0
2014-01-22,13.9302,13.9302,0.0
2014-01-23,13.9537,13.9537,0.0
2014-01-24,13.8688,13.8688,0.0
2014-01-27,13.6829,13.6829,0.0
2014-01-28,13.5678,13.5678,0.0
2014-01-29,13.4977,13.4977,0.0
2014-01-30,13.4661,13.4661,0.0
2014-01-31,13.6059,13.6059,0.0
2014-02-03,13.4995,13.4995,0.0
2014-02-04,13.4717,13.4717,0.0
2014-02-05,13.5431,13.5431,0.0
2014-02-06,13.5883,13.5883,0.0
2014-02-07,13.5552,13.5552,0.0
2014-02-10,13.7402,13.7402,0.0
2014-02-11,13.6983,13.6983,0.0
2014-02-12,13.6874,13.6874,0.0
2014-02-13,13.678,13.678,0.0
2014-02-14,13.5948,13.5948,0.0
2014-02-17,13.6423,13.6423,0.0
2014-02-18,13.6801,13.6801,0.0
2014-02-19,13.801,13.801,0.0
2014-02-20,13.8913,13.8913,0.0
2014-02-21,14.037,14.037,0.0
2014-02-24,14.1905,14.1905,0.0
2014-02-25,14.2704,14.2704,0.0
2014-02-26,14.1733,14.1733,0.0
2014-02-28,14.2102,14.2102,0.0
2014-03-03,14.2753,14.2753,0.0
2014-03-04,14.4166,14.4166,0.0
2014-03-05,14.5448,14.5448,0.0
2014-03-06,14.6678,14.6678,0.0
2014-03-07,14.5275,14.5275,0.0
2014-03-10,14.5576,14.5576,0.0
2014-03-11,14.6449,14.6449,0.0
2014-03-12,14.7175,14.7175,0.0
2014-03-13,14.7121,14.7121,0.0
2014-03-14,14.6527,14.6527,0.0
2014-03-18,14.7961,14.7961,0.0
2014-03-19,14.7118,14.7118,0.0
2014-03-20,14.8045,14.8045,0.0
2014-03-21,14.9389,14.9389,0.0
2014-03-24,14.9833,14.9833,0.0
2014-03-25,15.017,15.017,0.0
2014-03-26,15.0172,15.0172,0.0
2014-03-27,15.016,15.016,0.0
2014-03-28,15.1698,15.1698,0.0
2014-03-31,15.2761,15.2761,0.0
2014-04-01,15.3236,15.3236,0.0
2014-04-02,15.5261,15.5261,0.0
2014-04-03,15.5016,15.5016,0.0
2014-04-04,15.6554,15.6554,0.0
2014-04-07,15.7238,15.7238,0.0
2014-04-09,15.7721,15.7721,0.0
2014-04-10,15.7832,15.7832,0.0
2014-04-11,15.8805,15.8805,0.0
2014-04-15,15.959,15.959,0.0
2014-04-16,15.8341,15.8341,0.0
2014-04-17,15.9681,15.9681,0.0
2014-04-21,16.061,16.061,0.0
2014-04-22,16.1917,16.1917,0.0
2014-04-23,16.2362,16.2362,0.0
2014-04-25,16.2714,16.2714,0.0
2014-04-28,16.3857,16.3857,0.0
2014-04-29,16.4239,16.4239,0.0
2014-04-30,16.194,16.194,0.0
2014-05-02,16.1784,16.1784,0.0
2014-05-05,16.1466,16.1466,0.0
2014-05-06,16.2026,16.2026,0.0
2014-05-07,16.2031,16.2031,0.0
2014-05-08,16.2601,16.2601,0.0
2014-05-09,16.2665,16.2665,0.0
2014-05-12,16.236,16.236,0.0
2014-05-13,16.318,16.318,0.0
2014-05-14,16.3868,16.3868,0.0
2014-05-15,16.2742,16.2742,0.0
2014-05-16,16.3354,16.3354,0.0
2014-05-19,16.6375,16.6375,0.0
2014-05-20,17.0756,17.0756,0.0
2014-05-21,17.3618,17.3618,0.0
2014-05-22,17.6336,17.6336,0.0
2014-05-23,17.5799,17.5799,0.0
2014-05-26,17.2722,17.2722,0.0
2014-05-27,17.4244,17.4244,0.0
2014-05-28,17.7014,17.7014,0.0
2014-05-29,17.6411,17.6411,0.0
2014-05-30,17.5999,17.5999,0.0
2014-06-02,17.7284,17.7284,0.0
2014-06-03,17.7281,17.7281,0.0
2014-06-04,18.0406,18.0406,0.0
2014-06-05,18.2638,18.2638,0.0
2014-06-06,18.5395,18.5395,0.0
2014-06-09,18.8095,18.8095,0.0
2014-06-10,18.9611,18.9611,0.0
2014-06-11,18.7536,18.7536,0.0
2014-06-12,18.9265,18.9265,0.0
2014-06-13,18.7545,18.7545,0.0
2014-06-16,18.7174,18.7174,0.0
2014-06-17,19.0015,19.0015,0.0
2014-06-18,19.2167,19.2167,0.0
2014-06-19,19.1541,19.1541,0.0
2014-06-20,19.1702,19.1702,0.0
2014-06-23,19.1147,19.1147,0.0
2014-06-24,19.1991,19.1991,0.0
2014-06-25,19.3056,19.3056,0.0
2014-06-26,19.5189,19.5189,0.0
2014-06-27,19.669,19.669,0.0
2014-06-30,20.0705,20.0705,0.0
2014-07-01,20.2237,20.2237,0.0
2014-07-02,20.3994,20.3994,0.0
2014-07-03,20.539,20.539,0.0
2014-07-04,20.7887,20.7887,0.0
2014-07-07,20.9874,20.9874,0.0
2014-07-08,20.4515,20.4515,0.0
2014-07-09,20.1567,20.1567,0.0
2014-07-10,20.1881,20.1881,0.0
2014-07-11,19.8392,19.8392,0.0
2014-07-14,19.7798,19.7798,0.0
2014-07-15,19.9854,19.9854,0.0
2014-07-16,20.4248,20.4248,0.0
2014-07-17,20.8995,20.8995,0.0
2014-07-18,20.8316,20.8316,0.0
2014-07-21,21.28,21.28,0.0
2014-07-22,21.363,21.363,0.0
2014-07-23,21.24,21.24,0.0
2014-07-24,21.3216,21.3216,0.0
2014-07-25,21.1489,21.1489,0.0
2014-07-28,21.1246,21.1246,0.0
2014-07-30,21.0491,21.0491,0.0
2014-07-31,21.0652,21.0652,0.0
2014-08-01,20.8274,20.8274,0.0
2014-08-04,21.1423,21.1423,0.0
2014-08-05,21.1792,21.1792,0.0
2014-08-06,21.2068,21.2068,0.0
2014-08-07,21.1366,21.1366,0.0
2014-08-08,20.9051,20.9051,0.0
2014-08-11,21.0294,21.0294,0.0
2014-08-12,20.9523,20.9523,0.0
2014-08-13,20.4227,20.4227,0.0
2014-08-14,20.6268,20.6268,0.0
2014-08-18,20.9437,20.9437,0.0
2014-08-19,21.1964,21.1964,0.0
2014-08-20,21.5099,21.5099,0.0
2014-08-21,21.8125,21.8125,0.0
2014-08-22,21.898,21.898,0.0
2014-08-25,21.7299,21.7299,0.0
2014-08-26,21.6681,21.6681,0.0
2014-08-27,22.0752,22.0752,0.0
2014-08-28,22.1709,22.1709,0.0
2014-09-01,22.5292,22.5292,0.0
2014-09-02,22.6476,22.6476,0.0
2014-09-03,22.842,22.842,0.0
2014-09-04,22.8661,22.8661,0.0
2014-09-05,22.9624,22.9624,0.0
2014-09-08,23.31,23.31,0.0
2014-09-09,23.6853,23.6853,0.0
2014-09-10,23.8862,23.8862,0.0
2014-09-11,24.41,24.41,0.0
2014-09-12,24.6248,24.6248,0.0
2014-09-15,24.7489,24.7489,0.0
2014-09-16,24.0716,24.0716,0.0
2014-09-17,24.2051,24.2051,0.0
2014-09-18,24.5974,24.5974,0.0
2014-09-19,24.6537,24.6537,0.0
2014-09-22,24.9688,24.9688,0.0
2014-09-23,24.5235,24.5235,0.0
2014-09-24,24.1531,24.1531,0.0
2014-09-25,23.6113,23.6113,0.0
2014-09-26,23.6912,23.6912,0.0
2014-09-29,23.9932,23.9932,0.0
2014-09-30,24.2982,24.2982,0.0
2014-10-01,24.1597,24.1597,0.0
2014-10-07,23.9234,23.9234,0.0
2014-10-08,24.0609,24.0609,0.0
2014-10-09,24.0814,24.0814,0.0
2014-10-10,23.7407,23.7407,0.0
2014-10-13,23.8232,23.8232,0.0
2014-10-14,23.7147,23.7147,0.0
2014-10-16,23.2763,23.2763,0.0
2014-10-17,23.3519,23.3519,0.0
2014-10-20,23.3913,23.3913,0.0
2014-10-21,23.54,23.54,0.0
2014-10-22,23.8185,23.8185,0.0
2014-10-27,23.9115,23.9115,0.0
2014-10-28,24.0775,24.0775,0.0
2014-10-29,24.2092,24.2092,0.0
2014-10-30,24.2267,24.2267,0.0
2014-10-31,24.3031,24.3031,0.0
2014-11-03,24.5647,24.5647,0.0
2014-11-05,24.6593,24.6593,0.0
2014-11-07,24.567,24.567,0.0
2014-11-10,24.7095,24.7095,0.0
2014-11-11,24.92,24.92,0.0
2014-11-12,25.2255,25.2255,0.0
2014-11-13,25.3732,25.3732,0.0
2014-11-14,25.4694,25.4694,0.0
2014-11-17,25.74,25.74,0.0
2014-11-18,26.0028,26.0028,0.0
2014-11-19,26.0641,26.0641,0.0
2014-11-20,25.8923,25.8923,0.0
2014-11-21,25.9891,25.9891,0.0
2014-11-24,25.896,25.896,0.0
2014-11-25,25.3911,25.3911,0.0
2014-11-26,25.6618,25.6618,0.0
2014-11-27,26.0216,26.0216,0.0
2014-11-28,26.2402,26.2402,0.0
2014-12-01,26.2093,26.2093,0.0
2014-12-02,26.5928,26.5928,0.0
2014-12-03,27.0697,27.0697,0.0
2014-12-04,27.342,27.342,0.0
2014-12-05,27.3359,27.3359,0.0
2014-12-08,27.5153,27.5153,0.0
2014-12-09,27.0266,27.0266,0.0
2014-12-10,27.2901,27.2901,0.0
2014-12-11,27.739,27.739,0.0
2014-12-12,27.4434,27.4434,0.0
2014-12-15,27.3527,27.3527,0.0
2014-12-16,26.791,26.791,0.0
2014-12-17,26.2936,26.2936,0.0
2014-12-18,27.0853,27.0853,0.0
2014-12-19,27.1556,27.1556,0.0
2014-12-22,27.439,27.439,0.0
2014-12-23,27.4262,27.4262,0.0
2014-12-24,27.4695,27.4695,0.0
2014-12-26,27.5386,27.5386,0.0
2014-12-29,28.1163,28.1163,0.0
2014-12-30,28.5876,28.5876,0.0
2014-12-31,29.2084,29.2084,0.0
2015-01-01,29.3671,29.3671,0.0
2015-01-02,29.4253,29.4253,0.0
2015-01-05,29.3031,29.3031,0.0
2015-01-06,28.566,28.566,0.0
2015-01-07,28.7345,28.7345,0.0
2015-01-08,29.2325,29.2325,0.0
2015-01-09,29.2834,29.2834,0.0
2015-01-12,29.4713,29.4713,0.0
2015-01-13,29.4388,29.4388,0.0
2015-01-14,29.5028,29.5028,0.0
2015-01-15,29.6991,29.6991,0.0
2015-01-16,29.7293,29.7293,0.0
2015-01-19,30.5172,30.5172,0.0
2015-01-20,30.8184,30.8184,0.0
2015-01-21,30.714,30.714,0.0
2015-01-22,30.7123,30.7123,0.0
2015-01-23,30.4927,30.4927,0.0
2015-01-27,30.5724,30.5724,0.0
2015-01-28,30.7898,30.7898,0.0
2015-01-29,30.7497,30.7497,0.0
2015-01-30,30.5936,30.5936,0.0
2015-02-02,30.6145,30.6145,0.0
2015-02-03,30.7745,30.7745,0.0
2015-02-04,30.6731,30.6731,0.0
2015-02-05,30.2614,30.2614,0.0
2015-02-06,29.7377,29.7377,0.0
2015-02-09,29.397,29.397,0.0
2015-02-10,29.5782,29.5782,0.0
2015-02-11,29.9083,29.9083,0.0
2015-02-12,30.2611,30.2611,0.0
2015-02-13,30.2844,30.2844,0.0
2015-02-16,30.5344,30.5344,0.0
2015-02-18,30.6868,30.6868,0.0
2015-02-19,30.6178,30.6178,0.0
2015-02-20,30.6869,30.6869,0.0
2015-02-23,30.3222,30.3222,0.0
2015-02-24,30.2175,30.2175,0.0
2015-02-25,30.1089,30.1089,0.0
2015-02-26,29.9507,29.9507,0.0
2015-02-27,30.2262,30.2262,0.0
2015-03-02,30.5216,30.5216,0.0
2015-03-03,30.8045,30.8045,0.0
2015-03-04,30.6349,30.6349,0.0
2015-03-05,30.6428,30.6428,0.0
2015-03-09,30.4317,30.4317,0.0
2015-03-10,30.3725,30.3725,0.0
2015-03-11,30.4375,30.4375,0.0
2015-03-12,30.686,30.686,0.0
2015-03-13,30.2599,30.2599,0.0
2015-03-16,30.179,30.179,0.0
2015-03-17,30.0579,30.0579,0.0
2015-03-18,30.0143,30.0143,0.0
2015-03-19,29.8192,29.8192,0.0
2015-03-20,29.392,29.392,0.0
2015-03-23,28.911,28.911,0.0
2015-03-24,28.8295,28.8295,0.0
2015-03-25,28.8366,28.8366,0.0
2015-03-26,28.4267,28.4267,0.0
2015-03-27,28.5473,28.5473,0.0
2015-03-30,29.2627,29.2627,0.0
2015-03-31,29.3347,29.3347,0.0
2015-04-01,29.7949,29.7949,0.0
2015-04-06,30.1584,30.1584,0.0
2015-04-07,30.2953,30.2953,0.0
2015-04-08,30.8106,30.8106,0.0
2015-04-09,31.2433,31.2433,0.0
2015-04-10,31.3292,31.3292,0.0
2015-04-13,31.7364,31.7364,0.0
2015-04-15,31.8726,31.8726,0.0
2015-04-16,31.9168,31.9168,0.0
2015-04-17,31.798,31.798,0.0
2015-04-20,31.0796,31.0796,0.0
2015-04-21,31.0267,31.0267,0.0
2015-04-22,31.0468,31.0468,0.0
2015-04-23,30.9662,30.9662,0.0
2015-04-24,30.2416,30.2416,0.0
2015-04-27,29.674,29.674,0.0
2015-04-28,29.7529,29.7529,0.0
2015-04-29,30.1521,30.1521,0.0
2015-04-30,30.1525,30.1525,0.0
2015-05-04,30.6068,30.6068,0.0
2015-05-05,30.6932,30.6932,0.0
2015-05-06,30.0312,30.0312,0.0
2015-05-07,29.4468,29.4468,0.0
2015-05-08,29.884,29.884,0.0
2015-05-11,30.6452,30.6452,0.0
2015-05-12,30.1822,30.1822,0.0
2015-05-13,30.4511,30.4511,0.0
2015-05-14,30.5463,30.5463,0.0
2015-05-15,31.0965,31.0965,0.0
2015-05-18,31.1586,31.1586,0.0
2015-05-19,31.0088,31.0088,0.0
2015-05-20,30.9295,30.9295,0.0
2015-05-21,30.8716,30.8716,0.0
2015-05-22,30.8954,30.8954,0.0
2015-05-25,30.681,30.681,0.0
2015-05-26,30.5493,30.5493,0.0
2015-05-27,30.3406,30.3406,0.0
2015-05-28,30.3566,30.3566,0.0
2015-05-29,30.5261,30.5261,0.0
2015-06-01,30.3029,30.3029,0.0
2015-06-02,29.8851,29.8851,0.0
2015-06-03,29.5373,29.5373,0.0
2015-06-04,29.4409,29.4409,0.0
2015-06-05,29.7033,29.7033,0.0
2015-06-08,29.3979,29.3979,0.0
2015-06-09,29.2003,29.2003,0.0
2015-06-10,29.6228,29.6228,0.0
2015-06-11,29.1922,29.1922,0.0
2015-06-12,29.2746,29.2746,0.0
2015-06-15,29.5041,29.5041,0.0
2015-06-16,29.497,29.497,0.0
2015-06-17,30.0202,30.0202,0.0
2015-06-18,30.4689,30.4689,0.0
2015-06-19,30.5701,30.5701,0.0
2015-06-22,30.7491,30.7491,0.0
2015-06-23,30.8937,30.8937,0.0
2015-06-24,30.9998,30.9998,0.0
2015-06-25,31.0607,31.0607,0.0
2015-06-26,31.0294,31.0294,0.0
2015-06-29,30.6479,30.6479,0.0
2015-06-30,31.1456,31.1456,0.0
2015-07-01,31.4503,31.4503,0.0
2015-07-02,31.5581,31.5581,0.0
2015-07-03,31.7734,31.7734,0.0
2015-07-06,32.4565,32.4565,0.0
2015-07-07,32.8775,32.8775,0.0
2015-07-08,32.7031,32.7031,0.0
2015-07-09,32.7345,32.7345,0.0
2015-07-10,32.8467,32.8467,0.0
2015-07-13,32.901,32.901,0.0
2015-07-14,32.7785,32.7785,0.0
2015-07-15,33.0081,33.0081,0.0
2015-07-16,33.357,33.357,0.0
2015-07-17,33.3724,33.3724,0.0
2015-07-20,33.5203,33.5203,0.0
2015-07-21,33.0264,33.0264,0.0
2015-07-22,33.1968,33.1968,0.0
2015-07-23,33.5174,33.5174,0.0
2015-07-24,33.1976,33.1976,0.0
2015-07-27,33.1625,33.1625,0.0
2015-07-28,33.0327,33.0327,0.0
2015-07-29,33.1365,33.1365,0.0
2015-07-30,33.2022,33.2022,0.0
2015-07-31,33.6861,33.6861,0.0
2015-08-03,33.884,33.884,0.0
2015-08-04,34.1317,34.1317,0.0
2015-08-05,34.118,34.118,0.0
2015-08-06,33.7245,33.7245,0.0
2015-08-07,33.7308,33.7308,0.0
2015-08-10,33.7575,33.7575,0.0
2015-08-11,33.3291,33.3291,0.0
2015-08-12,32.7984,32.7984,0.0
2015-08-13,32.6931,32.6931,0.0
2015-08-14,33.1547,33.1547,0.0
2015-08-17,33.3263,33.3263,0.0
2015-08-18,33.6383,33.6383,0.0
2015-08-19,33.8543,33.8543,0.0
2015-08-20,33.2221,33.2221,0.0
2015-08-21,33.1377,33.1377,0.0
2015-08-24,31.2426,31.2426,0.0
2015-08-25,31.1813,31.1813,0.0
2015-08-26,31.2456,31.2456,0.0
2015-08-27,32.1993,32.1993,0.0
2015-08-28,32.0768,32.0768,0.0
2015-08-31,31.9757,31.9757,0.0
2015-09-01,31.4028,31.4028,0.0
2015-09-02,31.3571,31.3571,0.0
2015-09-03,31.5572,31.5572,0.0
2015-09-04,31.2791,31.2791,0.0
2015-09-07,30.8824,30.8824,0.0
2015-09-08,30.8088,30.8088,0.0
2015-09-09,31.1685,31.1685,0.0
2015-09-10,31.2459,31.2459,0.0
2015-09-11,31.3747,31.3747,0.0
2015-09-14,31.638,31.638,0.0
2015-09-15,31.5174,31.5174,0.0
2015-09-16,31.4122,31.4122,0.0
2015-09-18,31.7435,31.7435,0.0
2015-09-21,31.8795,31.8795,0.0
2015-09-22,31.6014,31.6014,0.0
2015-09-23,31.6956,31.6956,0.0
2015-09-24,31.6004,31.6004,0.0
2015-09-28,31.6127,31.6127,0.0
2015-09-29,31.5525,31.5525,0.0
2015-09-30,31.9449,31.9449,0.0
2015-10-01,32.0303,32.0303,0.0
2015-10-05,32.4891,32.4891,0.0
2015-10-06,32.4971,32.4971,0.0
2015-10-07,32.6458,32.6458,0.0
2015-10-08,32.787,32.787,0.0
2015-10-09,32.8509,32.8509,0.0
2015-10-12,32.7741,32.7741,0.0
2015-10-13,32.8369,32.8369,0.0
2015-10-14,32.851,32.851,0.0
2015-10-15,33.0744,33.0744,0.0
2015-10-16,33.1072,33.1072,0.0
2015-10-19,33.3166,33.3166,0.0
2015-10-20,33.5605,33.5605,0.0
2015-10-21,33.6267,33.6267,0.0
2015-10-23,33.5274,33.5274,0.0
2015-10-26,33.2641,33.2641,0.0
2015-10-27,33.4053,33.4053,0.0
2015-10-28,33.3372,33.3372,0.0
2015-10-29,33.2373,33.2373,0.0
2015-10-30,33.1814,33.1814,0.0
2015-11-02,32.949,32.949,0.0
2015-11-03,33.328,33.328,0.0
2015-11-04,33.2605,33.2605,0.0
2015-11-05,32.938,32.938,0.0
2015-11-06,32.6837,32.6837,0.0
2015-11-09,33.0826,33.0826,0.0
2015-11-10,32.8783,32.8783,0.0
2015-11-13,32.8994,32.8994,0.0
2015-11-16,32.8399,32.8399,0.0
2015-11-17,33.142,33.142,0.0
2015-11-18,32.7862,32.7862,0.0
2015-11-19,33.2648,33.2648,0.0
2015-11-20,33.4842,33.4842,0.0
2015-11-23,33.6307,33.6307,0.0
2015-11-24,33.4978,33.4978,0.0
2015-11-26,33.4275,33.4275,0.0
2015-11-27,33.5568,33.5568,0.0
2015-11-30,33.5197,33.5197,0.0
2015-12-01,33.5186,33.5186,0.0
2015-12-02,33.8327,33.8327,0.0
2015-12-03,33.7975,33.7975,0.0
2015-12-04,33.694,33.694,0.0
2015-12-07,33.6603,33.6603,0.0
2015-12-08,33.2944,33.2944,0.0
2015-12-09,32.871,32.871,0.0
2015-12-10,33.2474,33.2474,0.0
2015-12-11,33.0682,33.0682,0.0
2015-12-14,33.0979,33.0979,0.0
2015-12-15,33.3962,33.3962,0.0
2015-12-16,33.3913,33.3913,0.0
2015-12-17,34.0463,34.0463,0.0
2015-12-18,33.9321,33.9321,0.0
2015-12-21,34.167,34.167,0.0
2015-12-22,34.2195,34.2195,0.0
2015-12-23,34.4628,34.4628,0.0
2015-12-24,34.6924,34.6924,0.0
2015-12-28,34.9675,34.9675,0.0
2015-12-29,35.1231,35.1231,0.0
2015-12-30,35.4189,35.4189,0.0
2015-12-31,35.7192,35.7192,0.0
2016-01-01,36.0391,36.0391,0.0
2016-01-04,35.7424,35.7424,0.0
2016-01-05,35.9544,35.9544,0.0
2016-01-06,35.5722,35.5722,0.0
2016-01-07,34.6033,34.6033,0.0
2016-01-08,35.1548,35.1548,0.0
2016-01-11,35.1181,35.1181,0.0
2016-01-12,34.5143,34.5143,0.0
2016-01-13,33.9198,33.9198,0.0
2016-01-14,33.6342,33.6342,0.0
2016-01-15,32.8379,32.8379,0.0
2016-01-18,31.6702,31.6702,0.0
2016-01-19,31.9417,31.9417,0.0
2016-01-20,31.3699,31.3699,0.0
2016-01-21,31.4128,31.4128,0.0
2016-01-22,32.1795,32.1795,0.0
2016-01-25,32.3429,32.3429,0.0
2016-01-27,32.3767,32.3767,0.0
2016-01-28,32.3849,32.3849,0.0
2016-01-29,32.5066,32.5066,0.0
2016-02-01,32.6827,32.6827,0.0
2016-02-02,32.579,32.579,0.0
2016-02-03,32.1505,32.1505,0.0
2016-02-04,32.0113,32.0113,0.0
2016-02-05,32.187,32.187,0.0
2016-02-08,32.1441,32.1441,0.0
2016-02-09,32.0579,32.0579,0.0
2016-02-10,31.6489,31.6489,0.0
2016-02-11,30.4832,30.4832,0.0
2016-02-12,30.1716,30.1716,0.0
2016-02-15,31.0517,31.0517,0.0
2016-02-16,30.4216,30.4216,0.0
2016-02-17,30.7027,30.7027,0.0
2016-02-18,31.0755,31.0755,0.0
2016-02-19,31.1002,31.1002,0.0
2016-02-22,31.016,31.016,0.0
2016-02-23,30.6836,30.6836,0.0
2016-02-24,30.265,30.265,0.0
2016-02-25,30.24,30.24,0.0
2016-02-26,29.9406,29.9406,0.0
2016-02-29,29.7635,29.7635,0.0
2016-03-01,30.5287,30.5287,0.0
2016-03-02,30.9607,30.9607,0.0
2016-03-03,31.1097,31.1097,0.0
2016-03-04,31.114,31.114,0.0
2016-03-08,31.0575,31.0575,0.0
2016-03-09,31.0997,31.0997,0.0
2016-03-10,31.0779,31.0779,0.0
2016-03-11,31.0885,31.0885,0.0
2016-03-14,31.3364,31.3364,0.0
2016-03-15,31.1758,31.1758,0.0
2016-03-16,31.2445,31.2445,0.0
2016-03-17,31.3309,31.3309,0.0
2016-03-18,31.5504,31.5504,0.0
2016-03-21,31.9899,31.9899,0.0
2016-03-22,31.8682,31.8682,0.0
2016-03-23,32.2192,32.2192,0.0
2016-03-28,31.8759,31.8759,0.0
2016-03-29,31.9445,31.9445,0.0
2016-03-30,32.3132,32.3132,0.0
2016-03-31,32.3614,32.3614,0.0
2016-04-01,32.6099,32.6099,0.0
2016-04-04,33.112,33.112,0.0
2016-04-05,32.9295,32.9295,0.0
2016-04-06,33.2317,33.2317,0.0
2016-04-07,33.0194,33.0194,0.0
2016-04-08,33.065,33.065,0.0
2016-04-11,33.3875,33.3875,0.0
2016-04-12,33.512,33.512,0.0
2016-04-13,33.7693,33.7693,0.0
2016-04-18,34.1922,34.1922,0.0
2016-04-20,34.2725,34.2725,0.0
2016-04-21,34.1677,34.1677,0.0
2016-04-22,34.001,34.001,0.0
2016-04-25,33.9629,33.9629,0.0
2016-04-26,34.1453,34.1453,0.0
2016-04-27,34.3437,34.3437,0.0
2016-04-28,34.1016,34.1016,0.0
2016-04-29,34.1348,34.1348,0.0
2016-05-02,34.0495,34.0495,0.0
2016-05-03,34.0306,34.0306,0.0
2016-05-04,33.7226,33.7226,0.0
2016-05-05,33.9939,33.9939,0.0
2016-05-06,33.8769,33.8769,0.0
2016-05-09,34.0572,34.0572,0.0
2016-05-10,33.8602,33.8602,0.0
2016-05-11,33.9502,33.9502,0.0
2016-05-12,34.334,34.334,0.0
2016-05-13,34.2819,34.2819,0.0
2016-05-16,34.214,34.214,0.0
2016-05-17,34.2682,34.2682,0.0
2016-05-18,34.3194,34.3194,0.0
2016-05-19,33.8355,33.8355,0.0
2016-05-20,33.6161,33.6161,0.0
2016-05-23,33.6583,33.6583,0.0
2016-05-24,33.416,33.416,0.0
2016-05-25,33.6057,33.6057,0.0
2016-05-26,33.5544,33.5544,0.0
2016-05-27,33.7237,33.7237,0.0
2016-05-30,33.8423,33.8423,0.0
2016-05-31,33.7683,33.7683,0.0
2016-06-01,33.793,33.793,0.0
2016-06-02,33.9535,33.9535,0.0
2016-06-03,33.8652,33.8652,0.0
2016-06-06,34.0559,34.0559,0.0
2016-06-07,34.4547,34.4547,0.0
2016-06-08,34.5334,34.5334,0.0
2016-06-09,34.2408,34.2408,0.0
2016-06-10,34.345,34.345,0.0
2016-06-13,34.1257,34.1257,0.0
2016-06-14,34.0845,34.0845,0.0
2016-06-15,34.3849,34.3849,0.0
2016-06-16,34.26,34.26,0.0
2016-06-17,34.405,34.405,0.0
2016-06-20,34.2823,34.2823,0.0
2016-06-21,34.2368,34.2368,0.0
2016-06-22,34.2584,34.2584,0.0
2016-06-23,34.2001,34.2001,0.0
2016-06-24,33.9007,33.9007,0.0
2016-06-27,34.2331,34.2331,0.0
2016-06-28,34.5703,34.5703,0.0
2016-06-29,35.1004,35.1004,0.0
2016-06-30,35.2551,35.2551,0.0
2016-07-01,35.3909,35.3909,0.0
2016-07-04,35.5248,35.5248,0.0
2016-07-05,35.5532,35.5532,0.0
2016-07-07,35.6973,35.6973,0.0
2016-07-08,35.747,35.747,0.0
2016-07-11,35.8859,35.8859,0.0
2016-07-12,35.7695,35.7695,0.0
2016-07-13,35.8112,35.8112,0.0
2016-07-14,36.3687,36.3687,0.0
2016-07-15,36.3821,36.3821,0.0
2016-07-18,36.3078,36.3078,0.0
2016-07-19,36.1272,36.1272,0.0
2016-07-20,36.5005,36.5005,0.0
2016-07-21,36.5193,36.5193,0.0
2016-07-22,36.6433,36.6433,0.0
2016-07-25,36.9769,36.9769,0.0
2016-07-26,36.7347,36.7347,0.0
2016-07-27,36.4712,36.4712,0.0
2016-07-28,36.7219,36.7219,0.0
2016-07-29,36.8836,36.8836,0.0
2016-08-01,36.5024,36.5024,0.0
2016-08-02,36.3876,36.3876,0.0
2016-08-03,35.9656,35.9656,0.0
2016-08-04,36.1689,36.1689,0.0
2016-08-05,36.4669,36.4669,0.0
2016-08-08,36.5398,36.5398,0.0
2016-08-09,36.3094,36.3094,0.0
2016-08-10,35.939,35.939,0.0
2016-08-11,35.9288,35.9288,0.0
2016-08-12,36.0147,36.0147,0.0
2016-08-16,35.9908,35.9908,0.0
2016-08-17,36.3047,36.3047,0.0
2016-08-18,36.6979,36.6979,0.0
2016-08-19,36.761,36.761,0.0
2016-08-22,36.7581,36.7581,0.0
2016-08-23,36.8134,36.8134,0.0
2016-08-24,37.0685,37.0685,0.0
2016-08-25,37.1465,37.1465,0.0
2016-08-26,37.145,37.145,0.0
2016-08-29,37.3338,37.3338,0.0
2016-08-30,37.8232,37.8232,0.0
2016-08-31,37.9673,37.9673,0.0
2016-09-01,37.547,37.547,0.0
2016-09-02,37.7261,37.7261,0.0
2016-09-06,37.9713,37.9713,0.0
2016-09-07,37.7765,37.7765,0.0
2016-09-08,38.0072,38.0072,0.0
2016-09-09,37.8889,37.8889,0.0
2016-09-12,37.1323,37.1323,0.0
2016-09-14,37.4695,37.4695,0.0
2016-09-15,37.5655,37.5655,0.0
2016-09-16,37.5474,37.5474,0.0
2016-09-19,37.7317,37.7317,0.0
2016-09-20,37.8995,37.8995,0.0
2016-09-21,37.8895,37.8895,0.0
2016-09-22,38.4994,38.4994,0.0
2016-09-23,38.6335,38.6335,0.0
2016-09-26,38.5512,38.5512,0.0
2016-09-27,38.6536,38.6536,0.0
2016-09-28,38.8645,38.8645,0.0
2016-09-29,37.6457,37.6457,0.0
2016-09-30,38.6634,38.6634,0.0
2016-10-03,39.4262,39.4262,0.0
2016-10-04,39.6324,39.6324,0.0
2016-10-05,39.9987,39.9987,0.0
2016-10-06,39.8451,39.8451,0.0
2016-10-07,40.2223,40.2223,0.0
2016-10-10,40.4711,40.4711,0.0
2016-10-13,39.7037,39.7037,0.0
2016-10-14,39.9726,39.9726,0.0
2016-10-17,39.6723,39.6723,0.0
2016-10-18,40.0062,40.0062,0.0
2016-10-19,40.2299,40.2299,0.0
2016-10-20,40.2785,40.2785,0.0
2016-10-21,40.0949,40.0949,0.0
2016-10-24,40.4993,40.4993,0.0
2016-10-25,40.6786,40.6786,0.0
2016-10-26,40.5044,40.5044,0.0
2016-10-27,40.588,40.588,0.0
2016-10-28,41.0564,41.0564,0.0
2016-11-01,41.6575,41.6575,0.0
2016-11-02,41.034,41.034,0.0
2016-11-03,40.5851,40.5851,0.0
2016-11-04,39.8044,39.8044,0.0
2016-11-07,40.3143,40.3143,0.0
2016-11-08,40.2973,40.2973,0.0
2016-11-09,39.7184,39.7184,0.0
2016-11-10,40.372,40.372,0.0
2016-11-11,39.2286,39.2286,0.0
2016-11-15,37.2816,37.2816,0.0
2016-11-16,37.2673,37.2673,0.0
2016-11-17,37.079,37.079,0.0
2016-11-18,37.4444,37.4444,0.0
2016-11-21,36.0161,36.0161,0.0
2016-11-22,36.3454,36.3454,0.0
2016-11-23,36.6964,36.6964,0.0
2016-11-24,36.8274,36.8274,0.0
2016-11-25,37.3075,37.3075,0.0
2016-11-28,37.784,37.784,0.0
2016-11-29,37.9466,37.9466,0.0
2016-11-30,38.2132,38.2132,0.0
2016-12-01,38.1715,38.1715,0.0
2016-12-02,37.6241,37.6241,0.0
2016-12-05,37.5993,37.5993,0.0
2016-12-06,37.4778,37.4778,0.0
2016-12-07,37.3837,37.3837,0.0
2016-12-08,37.6893,37.6893,0.0
2016-12-09,37.7144,37.7144,0.0
2016-12-12,37.4765,37.4765,0.0
2016-12-13,37.6478,37.6478,0.0
2016-12-14,37.2921,37.2921,0.0
2016-12-15,37.1506,37.1506,0.0
2016-12-16,37.1271,37.1271,0.0
2016-12-19,36.945,36.945,0.0
2016-12-20,36.545,36.545,0.0
2016-12-21,36.5384,36.5384,0.0
2016-12-22,36.1526,36.1526,0.0
2016-12-23,36.2255,36.2255,0.0
2016-12-26,35.6034,35.6034,0.0
2016-12-27,35.8987,35.8987,0.0
2016-12-28,36.0955,36.0955,0.0
2016-12-29,36.3282,36.3282,0.0
2016-12-30,36.6631,36.6631,0.0
2017-01-02,36.945,36.945,0.0
2017-01-03,37.2804,37.2804,0.0
2017-01-04,37.3559,37.3559,0.0
2017-01-05,37.6091,37.6091,0.0
2017-01-06,37.6588,37.6588,0.0
2017-01-09,37.8471,37.8471,0.0
2017-01-10,38.0179,38.0179,0.0
2017-01-11,38.2558,38.2558,0.0
2017-01-12,38.1337,38.1337,0.0
2017-01-13,38.1845,38.1845,0.0
2017-01-16,38.3745,38.3745,0.0
2017-01-17,38.5511,38.5511,0.0
2017-01-18,38.8508,38.8508,0.0
2017-01-19,38.9791,38.9791,0.0
2017-01-20,38.6106,38.6106,0.0
2017-01-23,38.7686,38.7686,0.0
2017-01-24,39.1981,39.1981,0.0
2017-01-25,39.3139,39.3139,0.0
2017-01-27,39.5765,39.5765,0.0
2017-01-30,39.3144,39.3144,0.0
2017-01-31,39.1862,39.1862,0.0
2017-02-01,39.5325,39.5325,0.0
2017-02-02,39.6138,39.6138,0.0
2017-02-03,40.3205,40.3205,0.0
2017-02-06,40.7207,40.7207,0.0
2017-02-07,40.9243,40.9243,0.0
2017-02-08,40.9586,40.9586,0.0
2017-02-09,40.9909,40.9909,0.0
2017-02-10,41.2994,41.2994,0.0
2017-02-13,41.2657,41.2657,0.0
2017-02-14,41.0917,41.0917,0.0
2017-02-15,40.3628,40.3628,0.0
2017-02-16,40.8238,40.8238,0.0
2017-02-17,40.8373,40.8373,0.0
2017-02-20,41.1251,41.1251,0.0
2017-02-21,41.2254,41.2254,0.0
2017-02-22,40.9946,40.9946,0.0
2017-02-23,41.03,41.03,0.0
2017-02-27,40.7685,40.7685,0.0
2017-02-28,40.9008,40.9008,0.0
2017-03-01,41.2422,41.2422,0.0
2017-03-02,40.7713,40.7713,0.0
2017-03-03,40.9417,40.9417,0.0
2017-03-06,40.9656,40.9656,0.0
2017-03-07,41.0703,41.0703,0.0
2017-03-08,41.0006,41.0006,0.0
2017-03-09,41.0732,41.0732,0.0
2017-03-10,40.9816,40.9816,0.0
2017-03-14,41.304,41.304,0.0
2017-03-15,41.3027,41.3027,0.0
2017-03-16,41.8189,41.8189,0.0
2017-03-17,41.9777,41.9777,0.0
2017-03-20,42.24,42.24,0.0
2017-03-21,42.1456,42.1456,0.0
2017-03-22,42.0026,42.0026,0.0
2017-03-23,42.1719,42.1719,0.0
2017-03-24,42.2284,42.2284,0.0
2017-03-27,42.2659,42.2659,0.0
2017-03-28,42.3497,42.3497,0.0
2017-03-29,42.3573,42.3573,0.0
2017-03-30,42.691,42.691,0.0
2017-03-31,42.7884,42.7884,0.0
2017-04-03,43.2863,43.2863,0.0
2017-04-05,44.5942,44.5942,0.0
2017-04-06,44.6978,44.6978,0.0
2017-04-07,44.3425,44.3425,0.0
2017-04-10,44.7075,44.7075,0.0
2017-04-11,45.0113,45.0113,0.0
2017-04-12,44.8462,44.8462,0.0
2017-04-13,44.78,44.78,0.0
2017-04-17,44.9619,44.9619,0.0
2017-04-18,44.5612,44.5612,0.0
2017-04-19,44.6032,44.6032,0.0
2017-04-20,45.0012,45.0012,0.0
2017-04-21,44.9958,44.9958,0.0
2017-04-24,45.2712,45.2712,0.0
2017-04-25,45.2974,45.2974,0.0
2017-04-26,44.6934,44.6934,0.0
2017-04-27,44.964,44.964,0.0
2017-04-28,44.9968,44.9968,0.0
2017-05-02,44.8776,44.8776,0.0
2017-05-03,44.8741,44.8741,0.0
2017-05-04,45.0697,45.0697,0.0
2017-05-05,44.9503,44.9503,0.0
2017-05-08,45.2513,45.2513,0.0
2017-05-09,45.4696,45.4696,0.0
2017-05-10,45.8331,45.8331,0.0
2017-05-11,45.5728,45.5728,0.0
2017-05-12,45.1186,45.1186,0.0
2017-05-15,45.6024,45.6024,0.0
2017-05-16,45.686,45.686,0.0
2017-05-17,45.8048,45.8048,0.0
2017-05-18,45.5892,45.5892,0.0
2017-05-19,45.2431,45.2431,0.0
2017-05-22,44.866,44.866,0.0
2017-05-23,44.0249,44.0249,0.0
2017-05-24,43.3484,43.3484,0.0
2017-05-25,44.2257,44.2257,0.0
2017-05-26,44.8599,44.8599,0.0
2017-05-29,44.4295,44.4295,0.0
2017-05-30,44.2141,44.2141,0.0
2017-05-31,44.5677,44.5677,0.0
2017-06-01,44.592,44.592,0.0
2017-06-02,44.8693,44.8693,0.0
2017-06-05,45.12,45.12,0.0
2017-06-06,44.8932,44.8932,0.0
2017-06-07,45.2229,45.2229,0.0
2017-06-08,45.3666,45.3666,0.0
2017-06-09,45.3998,45.3998,0.0
2017-06-12,45.6426,45.6426,0.0
2017-06-13,45.76,45.76,0.0
2017-06-14,45.7899,45.7899,0.0
2017-06-15,46.1215,46.1215,0.0
2017-06-16,46.2799,46.2799,0.0
2017-06-19,46.4924,46.4924,0.0
2017-06-20,46.6247,46.6247,0.0
2017-06-21,46.8016,46.8016,0.0
2017-06-22,46.9542,46.9542,0.0
2017-06-23,46.4126,46.4126,0.0
2017-06-27,46.0949,46.0949,0.0
2017-06-28,45.7199,45.7199,0.0
2017-06-29,46.1769,46.1769,0.0
2017-06-30,46.3484,46.3484,0.0
2017-07-03,47.0864,47.0864,0.0
2017-07-04,47.3041,47.3041,0.0
2017-07-05,47.6057,47.6057,0.0
2017-07-06,47.6048,47.6048,0.0
2017-07-07,47.6689,47.6689,0.0
2017-07-10,47.7571,47.7571,0.0
2017-07-11,47.8999,47.8999,0.0
2017-07-12,47.981,47.981,0.0
2017-07-13,48.2403,48.2403,0.0
2017-07-14,47.7904,47.7904,0.0
2017-07-17,47.97,47.97,0.0
2017-07-18,47.9429,47.9429,0.0
2017-07-19,48.2322,48.2322,0.0
2017-07-20,48.4308,48.4308,0.0
2017-07-21,48.2629,48.2629,0.0
2017-07-24,48.2489,48.2489,0.0
2017-07-25,48.2663,48.2663,0.0
2017-07-26,48.4663,48.4663,0.0
2017-07-27,48.1589,48.1589,0.0
2017-07-28,48.5811,48.5811,0.0
2017-07-31,48.6537,48.6537,0.0
2017-08-01,48.8185,48.8185,0.0
2017-08-02,48.434,48.434,0.0
2017-08-03,48.0355,48.0355,0.0
2017-08-04,48.1507,48.1507,0.0
2017-08-07,48.5716,48.5716,0.0
2017-08-08,48.14,48.14,0.0
2017-08-09,47.6533,47.6533,0.0
2017-08-10,46.6004,46.6004,0.0
2017-08-11,46.9331,46.9331,0.0
2017-08-14,47.737,47.737,0.0
2017-08-16,48.3225,48.3225,0.0
2017-08-17,48.7034,48.7034,0.0
2017-08-18,48.3833,48.3833,0.0
2017-08-21,47.7179,47.7179,0.0
2017-08-22,47.9154,47.9154,0.0
2017-08-23,48.1917,48.1917,0.0
2017-08-24,48.248,48.248,0.0
2017-08-28,48.5392,48.5392,0.0
2017-08-29,48.1384,48.1384,0.0
2017-08-30,48.4861,48.4861,0.0
2017-08-31,49.1482,49.1482,0.0
2017-09-01,49.6448,49.6448,0.0
2017-09-04,49.5888,49.5888,0.0
2017-09-05,50.0883,50.0883,0.0
2017-09-06,50.2949,50.2949,0.0
2017-09-07,50.479,50.479,0.0
2017-09-08,50.5481,50.5481,0.0
2017-09-11,50.7696,50.7696,0.0
2017-09-12,51.0852,51.0852,0.0
2017-09-13,50.6965,50.6965,0.0
2017-09-14,51.3182,51.3182,0.0
2017-09-15,51.7518,51.7518,0.0
2017-09-18,52.3804,52.3804,0.0
2017-09-19,52.9686,52.9686,0.0
2017-09-20,53.3602,53.3602,0.0
2017-09-21,53.3041,53.3041,0.0
2017-09-22,51.5995,51.5995,0.0
2017-09-25,51.0501,51.0501,0.0
2017-09-26,51.6784,51.6784,0.0
2017-09-27,50.832,50.832,0.0
2017-09-28,51.2362,51.2362,0.0
2017-09-29,51.961,51.961,0.0
2017-10-03,52.3213,52.3213,0.0
2017-10-04,53.2395,53.2395,0.0
2017-10-05,53.4476,53.4476,0.0
2017-10-06,53.8125,53.8125,0.0
2017-10-09,53.9716,53.9716,0.0
2017-10-10,54.358,54.358,0.0
2017-10-11,53.678,53.678,0.0
2017-10-12,53.9971,53.9971,0.0
2017-10-13,54.1717,54.1717,0.0
2017-10-16,54.2114,54.2114,0.0
2017-10-17,54.5388,54.5388,0.0
2017-10-18,54.4244,54.4244,0.0
2017-10-23,54.3424,54.3424,0.0
2017-10-24,54.5146,54.5146,0.0
2017-10-25,53.9848,53.9848,0.0
2017-10-26,54.1288,54.1288,0.0
2017-10-27,54.5232,54.5232,0.0
2017-10-30,55.0944,55.0944,0.0
2017-10-31,55.4171,55.4171,0.0
2017-11-01,55.8753,55.8753,0.0
2017-11-02,56.6875,56.6875,0.0
2017-11-03,57.5792,57.5792,0.0
2017-11-06,57.8698,57.8698,0.0
2017-11-07,57.5758,57.5758,0.0
2017-11-08,57.2373,57.2373,0.0
2017-11-09,58.0804,58.0804,0.0
2017-11-10,57.7898,57.7898,0.0
2017-11-13,57.8186,57.8186,0.0
2017-11-14,57.9063,57.9063,0.0
2017-11-15,57.2689,57.2689,0.0
2017-11-16,58.0829,58.0829,0.0
2017-11-17,58.6486,58.6486,0.0
2017-11-20,59.2067,59.2067,0.0
2017-11-21,59.6667,59.6667,0.0
2017-11-22,60.0691,60.0691,0.0
2017-11-23,60.5408,60.5408,0.0
2017-11-24,61.0875,61.0875,0.0
2017-11-27,61.2762,61.2762,0.0
2017-11-28,61.8321,61.8321,0.0
2017-11-29,61.933,61.933,0.0
2017-11-30,61.9529,61.9529,0.0
2017-12-01,61.4989,61.4989,0.0
2017-12-04,61.3177,61.3177,0.0
2017-12-05,61.5105,61.5105,0.0
2017-12-06,61.4633,61.4633,0.0
2017-12-07,61.9916,61.9916,0.0
2017-12-08,62.8436,62.8436,0.0
2017-12-11,63.6318,63.6318,0.0
2017-12-12,63.3879,63.3879,0.0
2017-12-13,62.8065,62.8065,0.0
2017-12-14,62.7841,62.7841,0.0
2017-12-15,63.3238,63.3238,0.0
2017-12-18,63.8694,63.8694,0.0
2017-12-19,65.2296,65.2296,0.0
2017-12-20,65.8782,65.8782,0.0
2017-12-21,66.4699,66.4699,0.0
2017-12-22,66.208,66.208,0.0
2017-12-26,66.0961,66.0961,0.0
2017-12-27,66.0456,66.0456,0.0
2017-12-28,66.3183,66.3183,0.0
2017-12-29,66.1565,66.1565,0.0
2018-01-01,66.1953,66.1953,0.0
2018-01-02,65.5915,65.5915,0.0
2018-01-03,67.0627,67.0627,0.0
2018-01-04,67.8023,67.8023,0.0
2018-01-05,68.8684,68.8684,0.0
2018-01-08,69.0661,69.0661,0.0
2018-01-09,68.6975,68.6975,0.0
2018-01-10,68.6873,68.6873,0.0
2018-01-11,68.7927,68.7927,0.0
2018-01-12,68.8466,68.8466,0.0
2018-01-15,69.0392,69.0392,0.0
2018-01-16,67.6438,67.6438,0.0
2018-01-17,67.8071,67.8071,0.0
2018-01-18,66.4689,66.4689,0.0
2018-01-19,67.0254,67.0254,0.0
2018-01-22,67.6775,67.6775,0.0
2018-01-23,67.2381,67.2381,0.0
2018-01-24,66.4519,66.4519,0.0
2018-01-25,65.9743,65.9743,0.0
2018-01-29,65.4636,65.4636,0.0
2018-01-30,65.2116,65.2116,0.0
2018-01-31,64.872,64.872,0.0
2018-02-01,64.6604,64.6604,0.0
2018-02-02,62.5129,62.5129,0.0
2018-02-05,62.5391,62.5391,0.0
2018-02-06,61.0687,61.0687,0.0
2018-02-07,62.36,62.36,0.0
2018-02-08,63.7076,63.7076,0.0
2018-02-09,63.9351,63.9351,0.0
2018-02-12,64.4738,64.4738,0.0
2018-02-14,64.5707,64.5707,0.0
2018-02-15,63.6826,63.6826,0.0
2018-02-16,62.6723,62.6723,0.0
2018-02-19,61.7037,61.7037,0.0
2018-02-20,61.855,61.855,0.0
2018-02-21,61.8416,61.8416,0.0
2018-02-22,61.7289,61.7289,0.0
2018-02-23,62.211,62.211,0.0
2018-02-26,62.7988,62.7988,0.0
2018-02-27,62.4806,62.4806,0.0
2018-02-28,62.2774,62.2774,0.0
2018-03-01,62.2116,62.2116,0.0
2018-03-05,61.4179,61.4179,0.0
2018-03-06,60.7648,60.7648,0.0
2018-03-07,59.7924,59.7924,0.0
2018-03-08,59.6107,59.6107,0.0
2018-03-09,59.6427,59.6427,0.0
2018-03-12,59.9923,59.9923,0.0
2018-03-13,60.5853,60.5853,0.0
2018-03-14,60.3817,60.3817,0.0
2018-03-15,60.6964,60.6964,0.0
2018-03-16,60.1759,60.1759,0.0
2018-03-19,59.1931,59.1931,0.0
2018-03-20,59.0942,59.0942,0.0
2018-03-21,59.2581,59.2581,0.0
2018-03-22,58.3845,58.3845,0.0
2018-03-23,57.8792,57.8792,0.0
2018-03-26,58.3483,58.3483,0.0
2018-03-27,58.7848,58.7848,0.0
2018-03-28,58.0969,58.0969,0.0
2018-04-02,59.6897,59.6897,0.0
2018-04-03,60.3663,60.3663,0.0
2018-04-04,59.8079,59.8079,0.0
2018-04-05,60.5934,60.5934,0.0
2018-04-06,61.0985,61.0985,0.0
2018-04-09,61.559,61.559,0.0
2018-04-10,61.7781,61.7781,0.0
2018-04-11,61.6102,61.6102,0.0
2018-04-12,61.7648,61.7648,0.0
2018-04-13,61.5831,61.5831,0.0
2018-04-16,61.9447,61.9447,0.0
2018-04-17,61.8273,61.8273,0.0
2018-04-18,61.6812,61.6812,0.0
2018-04-19,62.0316,62.0316,0.0
2018-04-20,62.0067,62.0067,0.0
2018-04-23,62.337,62.337,0.0
2018-04-24,62.5241,62.5241,0.0
2018-04-25,62.5142,62.5142,0.0
2018-04-26,63.2641,63.2641,0.0
2018-04-27,63.0954,63.0954,0.0
2018-04-30,62.9323,62.9323,0.0
2018-05-02,62.4199,62.4199,0.0
2018-05-03,61.9566,61.9566,0.0
2018-05-04,61.5548,61.5548,0.0
2018-05-07,62.362,62.362,0.0
2018-05-08,62.3405,62.3405,0.0
2018-05-09,62.7255,62.7255,0.0
2018-05-10,62.18,62.18,0.0
2018-05-11,62.0221,62.0221,0.0
2018-05-14,61.1396,61.1396,0.0
2018-05-15,61.1301,61.1301,0.0
2018-05-16,60.6782,60.6782,0.0
2018-05-17,61.0749,61.0749,0.0
2018-05-18,60.8312,60.8312,0.0
2018-05-21,59.7326,59.7326,0.0
2018-05-22,59.7925,59.7925,0.0
2018-05-23,59.3398,59.3398,0.0
2018-05-24,59.2931,59.2931,0.0
2018-05-25,59.255,59.255,0.0
2018-05-28,59.7938,59.7938,0.0
2018-05-29,59.4956,59.4956,0.0
2018-05-30,59.6359,59.6359,0.0
2018-05-31,58.995,58.995,0.0
2018-06-01,57.8765,57.8765,0.0
2018-06-04,56.5065,56.5065,0.0
2018-06-05,55.1442,55.1442,0.0
2018-06-06,55.91,55.91,0.0
2018-06-07,57.0031,57.0031,0.0
2018-06-08,57.0448,57.0448,0.0
2018-06-11,57.3946,57.3946,0.0
2018-06-12,57.4404,57.4404,0.0
2018-06-13,57.2522,57.2522,0.0
2018-06-14,57.4387,57.4387,0.0
2018-06-15,57.0672,57.0672,0.0
2018-06-18,56.868,56.868,0.0
2018-06-19,56.0586,56.0586,0.0
2018-06-20,55.9644,55.9644,0.0
2018-06-21,55.5814,55.5814,0.0
2018-06-22,55.5548,55.5548,0.0
2018-06-25,55.0055,55.0055,0.0
2018-06-26,54.6316,54.6316,0.0
2018-06-27,53.7015,53.7015,0.0
2018-06-28,53.2372,53.2372,0.0
2018-06-29,54.0638,54.0638,0.0
2018-07-02,53.9029,53.9029,0.0
2018-07-03,53.973,53.973,0.0
2018-07-04,54.162,54.162,0.0
2018-07-05,53.9747,53.9747,0.0
2018-07-06,54.1996,54.1996,0.0
2018-07-09,54.8668,54.8668,0.0
2018-07-10,54.9768,54.9768,0.0
2018-07-11,55.0134,55.0134,0.0
2018-07-12,54.9257,54.9257,0.0
2018-07-13,54.7351,54.7351,0.0
2018-07-16,53.8182,53.8182,0.0
2018-07-17,53.9208,53.9208,0.0
2018-07-18,53.3584,53.3584,0.0
2018-07-19,53.0648,53.0648,0.0
2018-07-20,53.1279,53.1279,0.0
2018-07-23,53.4957,53.4957,0.0
2018-07-24,54.2935,54.2935,0.0
2018-07-25,54.3981,54.3981,0.0
2018-07-26,54.6171,54.6171,0.0
2018-07-27,55.8532,55.8532,0.0
2018-07-30,56.2737,56.2737,0.0
2018-07-31,56.6181,56.6181,0.0
2018-08-01,57.0216,57.0216,0.0
2018-08-02,57.2162,57.2162,0.0
2018-08-03,57.7594,57.7594,0.0
2018-08-06,58.7914,58.7914,0.0
2018-08-07,58.9834,58.9834,0.0
2018-08-08,59.0029,59.0029,0.0
2018-08-09,58.7543,58.7543,0.0
2018-08-10,58.6551,58.6551,0.0
2018-08-13,58.2451,58.2451,0.0
2018-08-14,58.0781,58.0781,0.0
2018-08-16,58.388,58.388,0.0
2018-08-17,58.7555,58.7555,0.0
2018-08-20,58.7597,58.7597,0.0
2018-08-21,58.8857,58.8857,0.0
2018-08-23,59.031,59.031,0.0
2018-08-24,58.8617,58.8617,0.0
2018-08-27,59.3442,59.3442,0.0
2018-08-28,59.5545,59.5545,0.0
2018-08-29,59.4907,59.4907,0.0
2018-08-30,59.5719,59.5719,0.0
2018-08-31,60.1287,60.1287,0.0
2018-09-03,59.8974,59.8974,0.0
2018-09-04,58.889,58.889,0.0
2018-09-05,58.6949,58.6949,0.0
2018-09-06,59.2383,59.2383,0.0
2018-09-07,59.3814,59.3814,0.0
2018-09-10,58.943,58.943,0.0
2018-09-11,58.317,58.317,0.0
2018-09-12,58.2059,58.2059,0.0
2018-09-14,58.7983,58.7983,0.0
2018-09-17,58.5504,58.5504,0.0
2018-09-18,58.0036,58.0036,0.0
2018-09-19,57.5821,57.5821,0.0
2018-09-21,56.4467,56.4467,0.0
2018-09-24,55.2821,55.2821,0.0
2018-09-25,54.8274,54.8274,0.0
2018-09-26,55.1202,55.1202,0.0
2018-09-27,54.4466,54.4466,0.0
2018-09-28,53.3171,53.3171,0.0
2018-10-01,52.883,52.883,0.0
2018-10-03,52.9192,52.9192,0.0
2018-10-04,51.9575,51.9575,0.0
2018-10-05,51.0967,51.0967,0.0
2018-10-08,50.3191,50.3191,0.0
2018-10-09,49.9984,49.9984,0.0
2018-10-10,51.6901,51.6901,0.0
2018-10-11,51.0028,51.0028,0.0
2018-10-12,51.7944,51.7944,0.0
2018-10-15,52.1697,52.1697,0.0
2018-10-16,52.7174,52.7174,0.0
2018-10-17,51.9801,51.9801,0.0
2018-10-19,51.425,51.425,0.0
2018-10-22,50.7772,50.7772,0.0
2018-10-23,50.1667,50.1667,0.0
2018-10-24,50.3952,50.3952,0.0
2018-10-25,50.251,50.251,0.0
2018-10-26,50.3325,50.3325,0.0
2018-10-29,50.9297,50.9297,0.0
2018-10-30,51.4475,51.4475,0.0
2018-10-31,51.8851,51.8851,0.0
2018-11-01,52.0587,52.0587,0.0
2018-11-02,52.5668,52.5668,0.0
2018-11-05,52.4327,52.4327,0.0
2018-11-06,52.3747,52.3747,0.0
2018-11-09,53.0344,53.0344,0.0
2018-11-12,52.6627,52.6627,0.0
2018-11-13,52.6014,52.6014,0.0
2018-11-14,52.847,52.847,0.0
2018-11-15,52.6406,52.6406,0.0
2018-11-16,52.5647,52.5647,0.0
2018-11-19,53.029,53.029,0.0
2018-11-20,52.7118,52.7118,0.0
2018-11-21,52.6805,52.6805,0.0
2018-11-22,52.5867,52.5867,0.0
2018-11-26,52.3692,52.3692,0.0
2018-11-27,52.3787,52.3787,0.0
2018-11-28,52.4448,52.4448,0.0
2018-11-29,52.4969,52.4969,0.0
2018-11-30,52.7422,52.7422,0.0
2018-12-03,52.7747,52.7747,0.0
2018-12-04,52.9458,52.9458,0.0
2018-12-05,52.5267,52.5267,0.0
2018-12-06,51.9051,51.9051,0.0
2018-12-07,52.0078,52.0078,0.0
2018-12-10,51.301,51.301,0.0
2018-12-11,51.6933,51.6933,0.0
2018-12-12,52.6722,52.6722,0.0
2018-12-13,53.0474,53.0474,0.0
2018-12-14,53.0898,53.0898,0.0
2018-12-17,53.2949,53.2949,0.0
2018-12-18,53.4937,53.4937,0.0
2018-12-19,54.0589,54.0589,0.0
2018-12-20,54.1591,54.1591,0.0
2018-12-21,53.5026,53.5026,0.0
2018-12-24,52.8045,52.8045,0.0
2018-12-26,52.817,52.817,0.0
2018-12-27,53.0365,53.0365,0.0
2018-12-28,53.5178,53.5178,0.0
2018-12-31,53.8265,53.8265,0.0
2019-01-01,53.818,53.818,0.0
2019-01-02,53.7148,53.7148,0.0
2019-01-03,53.5067,53.5067,0.0
2019-01-04,53.3289,53.3289,0.0
2019-01-07,53.4187,53.4187,0.0
2019-01-08,53.2516,53.2516,0.0
2019-01-09,53.2998,53.2998,0.0
2019-01-10,53.2423,53.2423,0.0
2019-01-11,53.1862,53.1862,0.0
2019-01-14,53.1547,53.1547,0.0
2019-01-15,53.2756,53.2756,0.0
2019-01-16,53.2055,53.2055,0.0
2019-01-17,53.1674,53.1674,0.0
2019-01-18,53.071,53.071,0.0
2019-01-21,52.858,52.858,0.0
2019-01-22,52.5351,52.5351,0.0
2019-01-23,52.2713,52.2713,0.0
2019-01-24,52.2905,52.2905,0.0
2019-01-25,51.8002,51.8002,0.0
2019-01-28,51.0862,51.0862,0.0
2019-01-29,51.0547,51.0547,0.0
2019-01-30,51.0055,51.0055,0.0
2019-01-31,51.3507,51.3507,0.0
2019-02-01,51.2972,51.2972,0.0
2019-02-04,51.0358,51.0358,0.0
2019-02-05,50.7151,50.7151,0.0
2019-02-06,50.5395,50.5395,0.0
2019-02-07,50.8924,50.8924,0.0
2019-02-08,50.5532,50.5532,0.0
2019-02-11,50.1417,50.1417,0.0
2019-02-12,49.9865,49.9865,0.0
2019-02-13,49.9159,49.9159,0.0
2019-02-14,50.0246,50.0246,0.0
2019-02-15,49.8363,49.8363,0.0
2019-02-18,49.7231,49.7231,0.0
2019-02-19,50.1932,50.1932,0.0
2019-02-20,50.5134,50.5134,0.0
2019-02-21,50.8863,50.8863,0.0
2019-02-22,51.1164,51.1164,0.0
2019-02-25,51.1544,51.1544,0.0
2019-02-26,50.9392,50.9392,0.0
2019-02-27,50.6695,50.6695,0.0
2019-02-28,50.7717,50.7717,0.0
2019-03-01,51.4418,51.4418,0.0
2019-03-05,52.7007,52.7007,0.0
2019-03-06,53.2436,53.2436,0.0
2019-03-07,53.7052,53.7052,0.0
2019-03-08,53.9401,53.9401,0.0
2019-03-11,54.7406,54.7406,0.0
2019-03-12,55.2773,55.2773,0.0
2019-03-13,55.1959,55.1959,0.0
2019-03-14,55.0181,55.0181,0.0
2019-03-15,54.8323,54.8323,0.0
2019-03-18,54.8356,54.8356,0.0
2019-03-19,55.1238,55.1238,0.0
2019-03-20,54.7637,54.7637,0.0
2019-03-22,54.6498,54.6498,0.0
2019-03-25,54.0256,54.0256,0.0
2019-03-26,54.4065,54.4065,0.0
2019-03-27,54.46,54.46,0.0
2019-03-28,54.7581,54.7581,0.0
2019-03-29,55.663,55.663,0.0
2019-04-01,56.1772,56.1772,0.0
2019-04-02,56.0011,56.0011,0.0
2019-04-03,55.6601,55.6601,0.0
2019-04-04,55.6447,55.6447,0.0
2019-04-05,56.0191,56.0191,0.0
2019-04-08,55.8828,55.8828,0.0
2019-04-09,55.6612,55.6612,0.0
2019-04-10,55.6388,55.6388,0.0
2019-04-11,55.7987,55.7987,0.0
2019-04-12,55.9226,55.9226,0.0
2019-04-15,56.1536,56.1536,0.0
2019-04-16,56.1267,56.1267,0.0
2019-04-18,55.7232,55.7232,0.0
2019-04-22,54.9458,54.9458,0.0
2019-04-23,55.0555,55.0555,0.0
2019-04-24,55.2723,55.2723,0.0
2019-04-25,55.3592,55.3592,0.0
2019-04-26,55.3187,55.3187,0.0
2019-04-30,55.083,55.083,0.0
2019-05-02,55.0024,55.0024,0.0
2019-05-03,54.897,54.897,0.0
2019-05-06,54.4976,54.4976,0.0
2019-05-07,54.3424,54.3424,0.0
2019-05-08,53.8583,53.8583,0.0
2019-05-09,53.7084,53.7084,0.0
2019-05-10,53.706,53.706,0.0
2019-05-13,52.8389,52.8389,0.0
2019-05-14,53.1004,53.1004,0.0
2019-05-15,53.0303,53.0303,0.0
2019-05-16,52.9338,52.9338,0.0
2019-05-17,53.073,53.073,0.0
2019-05-20,54.4867,54.4867,0.0
2019-05-21,54.0838,54.0838,0.0
2019-05-22,54.0958,54.0958,0.0
2019-05-23,53.9873,53.9873,0.0
2019-05-24,54.9948,54.9948,0.0
2019-05-27,55.9036,55.9036,0.0
2019-05-28,56.5415,56.5415,0.0
2019-05-29,56.3573,56.3573,0.0
2019-05-30,56.1882,56.1882,0.0
2019-05-31,56.4804,56.4804,0.0
2019-06-03,56.7417,56.7417,0.0
2019-06-04,56.7067,56.7067,0.0
2019-06-06,56.1253,56.1253,0.0
2019-06-07,56.094,56.094,0.0
2019-06-10,55.7431,55.7431,0.0
2019-06-11,55.677,55.677,0.0
2019-06-12,55.6663,55.6663,0.0
2019-06-13,55.3583,55.3583,0.0
2019-06-14,55.2265,55.2265,0.0
2019-06-17,54.651,54.651,0.0
2019-06-18,54.3588,54.3588,0.0
2019-06-19,54.0946,54.0946,0.0
2019-06-20,54.4507,54.4507,0.0
2019-06-21,54.4826,54.4826,0.0
2019-06-24,54.1894,54.1894,0.0
2019-06-25,54.4957,54.4957,0.0
2019-06-26,54.9657,54.9657,0.0
2019-06-27,55.097,55.097,0.0
2019-06-28,55.224,55.224,0.0
2019-07-01,55.3031,55.3031,0.0
2019-07-02,55.456,55.456,0.0
2019-07-03,55.3738,55.3738,0.0
2019-07-04,55.4699,55.4699,0.0
2019-07-05,54.8561,54.8561,0.0
2019-07-08,54.1644,54.1644,0.0
2019-07-09,54.0836,54.0836,0.0
2019-07-10,53.8443,53.8443,0.0
2019-07-11,54.0984,54.0984,0.0
2019-07-12,54.2785,54.2785,0.0
2019-07-15,54.1461,54.1461,0.0
2019-07-16,54.0856,54.0856,0.0
2019-07-17,54.319,54.319,0.0
2019-07-18,54.0147,54.0147,0.0
2019-07-19,53.4029,53.4029,0.0
2019-07-22,53.024,53.024,0.0
2019-07-23,53.155,53.155,0.0
2019-07-24,52.7374,52.7374,0.0
2019-07-25,52.5207,52.5207,0.0
2019-07-26,52.5686,52.5686,0.0
2019-07-29,52.1616,52.1616,0.0
2019-07-30,51.466,51.466,0.0
2019-07-31,51.9017,51.9017,0.0
2019-08-01,51.3082,51.3082,0.0
2019-08-02,51.0349,51.0349,0.0
2019-08-05,50.5861,50.5861,0.0
2019-08-06,51.0319,51.0319,0.0
2019-08-07,51.1681,51.1681,0.0
2019-08-08,51.2595,51.2595,0.0
2019-08-09,51.6177,51.6177,0.0
2019-08-13,51.0979,51.0979,0.0
2019-08-14,51.7299,51.7299,0.0
2019-08-16,52.0211,52.0211,0.0
2019-08-19,51.9983,51.9983,0.0
2019-08-20,51.9247,51.9247,0.0
2019-08-21,51.522,51.522,0.0
2019-08-22,51.038,51.038,0.0
2019-08-23,51.3091,51.3091,0.0
2019-08-26,52.0341,52.0341,0.0
2019-08-27,52.5731,52.5731,0.0
2019-08-28,52.4938,52.4938,0.0
2019-08-29,52.0987,52.0987,0.0
2019-08-30,52.3752,52.3752,0.0
2019-09-03,51.9742,51.9742,0.0
2019-09-04,52.1216,52.1216,0.0
2019-09-05,52.2783,52.2783,0.0
2019-09-06,52.6455,52.6455,0.0
2019-09-09,52.9366,52.9366,0.0
2019-09-11,53.7478,53.7478,0.0
2019-09-12,53.6476,53.6476,0.0
2019-09-13,53.6012,53.6012,0.0
2019-09-16,53.814,53.814,0.0
2019-09-17,53.1853,53.1853,0.0
2019-09-18,53.1334,53.1334,0.0
2019-09-19,52.7845,52.7845,0.0
2019-09-20,54.447,54.447,0.0
2019-09-23,56.3502,56.3502,0.0
2019-09-24,56.4498,56.4498,0.0
2019-09-25,55.9413,55.9413,0.0
2019-09-26,56.3859,56.3859,0.0
2019-09-27,56.3843,56.3843,0.0
2019-09-30,56.147,56.147,0.0
2019-10-01,55.6556,55.6556,0.0
2019-10-03,55.399,55.399,0.0
2019-10-04,54.9464,54.9464,0.0
2019-10-07,54.8053,54.8053,0.0
2019-10-09,55.0566,55.0566,0.0
2019-10-10,54.7665,54.7665,0.0
2019-10-11,54.8222,54.8222,0.0
2019-10-14,54.9658,54.9658,0.0
2019-10-15,55.0504,55.0504,0.0
2019-10-16,54.9299,54.9299,0.0
2019-10-17,55.2661,55.2661,0.0
2019-10-18,56.3596,56.3596,0.0
2019-10-22,56.3394,56.3394,0.0
2019-10-23,56.394,56.394,0.0
2019-10-24,56.4878,56.4878,0.0
2019-10-25,56.3768,56.3768,0.0
2019-10-29,57.0785,57.0785,0.0
2019-10-30,57.1831,57.1831,0.0
2019-10-31,57.6615,57.6615,0.0
2019-11-01,57.9809,57.9809,0.0
2019-11-04,58.5157,58.5157,0.0
2019-11-05,58.0708,58.0708,0.0
2019-11-06,57.7536,57.7536,0.0
2019-11-07,57.9074,57.9074,0.0
2019-11-08,57.4537,57.4537,0.0
2019-11-11,57.692,57.692,0.0
2019-11-13,57.9023,57.9023,0.0
2019-11-14,57.8273,57.8273,0.0
2019-11-15,57.71,57.71,0.0
2019-11-18,57.7894,57.7894,0.0
2019-11-19,57.8266,57.8266,0.0
2019-11-20,57.8357,57.8357,0.0
2019-11-21,58.0232,58.0232,0.0
2019-11-22,58.0555,58.0555,0.0
2019-11-25,58.2373,58.2373,0.0
2019-11-26,57.9258,57.9258,0.0
2019-11-27,57.825,57.825,0.0
2019-11-28,57.7441,57.7441,0.0
2019-11-29,57.9839,57.9839,0.0
2019-12-02,58.0533,58.0533,0.0
2019-12-03,57.9542,57.9542,0.0
2019-12-04,58.3397,58.3397,0.0
2019-12-05,58.2459,58.2459,0.0
2019-12-06,57.6323,57.6323,0.0
2019-12-09,57.3044,57.3044,0.0
2019-12-10,56.8176,56.8176,0.0
2019-12-11,56.6208,56.6208,0.0
2019-12-12,56.7141,56.7141,0.0
2019-12-13,57.2957,57.2957,0.0
2019-12-16,56.9909,56.9909,0.0
2019-12-17,57.3155,57.3155,0.0
2019-12-18,57.1274,57.1274,0.0
2019-12-19,57.3051,57.3051,0.0
2019-12-20,57.6649,57.6649,0.0
2019-12-23,57.5756,57.5756,0.0
2019-12-24,57.4196,57.4196,0.0
2019-12-26,57.4846,57.4846,0.0
2019-12-27,57.7682,57.7682,0.0
2019-12-30,57.7981,57.7981,0.0
2019-12-31,57.8093,57.8093,0.0
2020-01-01,57.886,57.886,0.0
2020-01-02,58.3988,58.3988,0.0
2020-01-03,58.6872,58.6872,0.0
2020-01-06,57.7329,57.7329,0.0
2020-01-07,58.2107,58.2107,0.0
2020-01-08,57.9868,57.9868,0.0
2020-01-09,58.6407,58.6407,0.0
2020-01-10,58.9076,58.9076,0.0
2020-01-13,59.1726,59.1726,0.0
2020-01-14,59.2895,59.2895,0.0
2020-01-15,59.6795,59.6795,0.0
2020-01-16,60.2189,60.2189,0.0
2020-01-17,60.8952,60.8952,0.0
2020-01-20,60.9709,60.9709,0.0
2020-01-21,60.7275,60.7275,0.0
2020-01-22,60.8469,60.8469,0.0
2020-01-23,61.1488,61.1488,0.0
2020-01-24,61.8393,61.8393,0.0
2020-01-27,61.9656,61.9656,0.0
2020-01-28,62.0886,62.0886,0.0
2020-01-29,62.1324,62.1324,0.0
2020-01-30,61.8134,61.8134,0.0
2020-01-31,61.7543,61.7543,0.0
2020-02-03,60.8872,60.8872,0.0
2020-02-04,61.7883,61.7883,0.0
2020-02-05,62.0606,62.0606,0.0
2020-02-06,62.089,62.089,0.0
2020-02-07,62.3167,62.3167,0.0
2020-02-10,61.9086,61.9086,0.0
2020-02-11,62.1921,62.1921,0.0
2020-02-12,62.2058,62.2058,0.0
2020-02-13,62.2181,62.2181,0.0
2020-02-14,62.2419,62.2419,0.0
2020-02-17,62.0469,62.0469,0.0
2020-02-18,61.5595,61.5595,0.0
2020-02-19,62.26,62.26,0.0
2020-02-20,62.3727,62.3727,0.0
2020-02-24,61.7942,61.7942,0.0
2020-02-25,61.6015,61.6015,0.0
2020-02-26,61.1649,61.1649,0.0
2020-02-27,61.0899,61.0899,0.0
2020-02-28,59.45,59.45,0.0
2020-03-02,59.4357,59.4357,0.0
2020-03-03,59.7023,59.7023,0.0
2020-03-04,58.8308,58.8308,0.0
2020-03-05,59.2727,59.2727,0.0
2020-03-06,58.5236,58.5236,0.0
2020-03-09,56.7701,56.7701,0.0
2020-03-11,56.6672,56.6672,0.0
2020-03-12,53.1617,53.1617,0.0
2020-03-13,53.1576,53.1576,0.0
2020-03-16,50.8999,50.8999,0.0
2020-03-17,49.9371,49.9371,0.0
2020-03-18,47.0783,47.0783,0.0
2020-03-19,45.2642,45.2642,0.0
2020-03-20,45.7468,45.7468,0.0
2020-03-23,41.311,41.311,0.0
2020-03-24,41.26,41.26,0.0
2020-03-25,42.2905,42.2905,0.0
2020-03-26,43.7048,43.7048,0.0
2020-03-27,44.2552,44.2552,0.0
2020-03-30,43.1613,43.1613,0.0
2020-03-31,44.2998,44.2998,0.0
2020-04-01,43.7773,43.7773,0.0
2020-04-03,43.6981,43.6981,0.0
2020-04-07,45.121,45.121,0.0
2020-04-08,45.7678,45.7678,0.0
2020-04-09,46.7891,46.7891,0.0
2020-04-13,46.3737,46.3737,0.0
2020-04-15,46.6621,46.6621,0.0
2020-04-16,47.0044,47.0044,0.0
2020-04-17,47.9462,47.9462,0.0
2020-04-20,48.8951,48.8951,0.0
2020-04-21,47.7874,47.7874,0.0
2020-04-22,48.307,48.307,0.0
2020-04-23,48.6464,48.6464,0.0
2020-04-24,47.8799,47.8799,0.0
2020-04-27,48.0846,48.0846,0.0
2020-04-28,48.4286,48.4286,0.0
2020-04-29,48.915,48.915,0.0
2020-04-30,49.4021,49.4021,0.0
2020-05-04,48.0018,48.0018,0.0
2020-05-05,47.5152,47.5152,0.0
2020-05-06,47.5508,47.5508,0.0
2020-05-07,47.4015,47.4015,0.0
2020-05-08,47.0197,47.0197,0.0
2020-05-11,46.9345,46.9345,0.0
2020-05-12,46.6427,46.6427,0.0
2020-05-13,47.5349,47.5349,0.0
2020-05-14,46.8328,46.8328,0.0
2020-05-15,46.9331,46.9331,0.0
2020-05-18,45.8781,45.8781,0.0
2020-05-19,45.725,45.725,0.0
2020-05-20,46.2563,46.2563,0.0
2020-05-21,46.5947,46.5947,0.0
2020-05-22,46.2132,46.2132,0.0
2020-05-26,46.4193,46.4193,0.0
2020-05-27,46.5354,46.5354,0.0
2020-05-28,47.1434,47.1434,0.0
2020-05-29,47.8748,47.8748,0.0
2020-06-01,49.3635,49.3635,0.0
2020-06-02,50.232,50.232,0.0
2020-06-03,50.9722,50.9722,0.0
2020-06-04,50.798,50.798,0.0
2020-06-05,51.3008,51.3008,0.0
2020-06-08,51.7451,51.7451,0.0
2020-06-09,51.1714,51.1714,0.0
2020-06-10,51.4119,51.4119,0.0
2020-06-11,50.6426,50.6426,0.0
2020-06-12,50.8648,50.8648,0.0
2020-06-15,51.0041,51.0041,0.0
2020-06-16,50.7675,50.7675,0.0
2020-06-17,50.9734,50.9734,0.0
2020-06-18,51.5685,51.5685,0.0
2020-06-19,52.3501,52.3501,0.0
2020-06-22,53.2647,53.2647,0.0
2020-06-23,53.6129,53.6129,0.0
2020-06-24,53.2495,53.2495,0.0
2020-06-25,53.1915,53.1915,0.0
2020-06-26,53.4577,53.4577,0.0
2020-06-29,52.9446,52.9446,0.0
2020-06-30,52.8219,52.8219,0.0
2020-07-01,53.0526,53.0526,0.0
2020-07-02,53.4633,53.4633,0.0
2020-07-03,53.9367,53.9367,0.0
2020-07-06,54.7915,54.7915,0.0
2020-07-07,54.932,54.932,0.0
2020-07-08,54.5073,54.5073,0.0
2020-07-09,54.9956,54.9956,0.0
2020-07-10,54.9376,54.9376,0.0
2020-07-13,54.5398,54.5398,0.0
2020-07-14,54.2574,54.2574,0.0
2020-07-15,54.4579,54.4579,0.0
2020-07-16,54.2633,54.2633,0.0
2020-07-17,54.546,54.546,0.0
2020-07-20,54.9045,54.9045,0.0
2020-07-21,55.4238,55.4238,0.0
2020-07-22,55.5652,55.5652,0.0
2020-07-23,55.9901,55.9901,0.0
2020-07-24,56.1087,56.1087,0.0
2020-07-27,55.5097,55.5097,0.0
2020-07-28,55.2362,55.2362,0.0
2020-07-29,55.1299,55.1299,0.0
2020-07-30,55.0194,55.0194,0.0
2020-07-31,55.3008,55.3008,0.0
2020-08-03,56.0147,56.0147,0.0
2020-08-04,56.5565,56.5565,0.0
2020-08-05,57.0065,57.0065,0.0
2020-08-06,57.6979,57.6979,0.0
2020-08-07,57.9724,57.9724,0.0
2020-08-10,58.7216,58.7216,0.0
2020-08-11,58.9922,58.9922,0.0
2020-08-12,59.2859,59.2859,0.0
2020-08-13,60.7092,60.7092,0.0
2020-08-14,60.8519,60.8519,0.0
2020-08-17,61.0084,61.0084,0.0
2020-08-18,61.5686,61.5686,0.0
2020-08-19,61.7767,61.7767,0.0
2020-08-20,62.3087,62.3087,0.0
2020-08-21,63.2056,63.2056,0.0
2020-08-24,64.2166,64.2166,0.0
2020-08-25,64.2012,64.2012,0.0
2020-08-26,64.6439,64.6439,0.0
2020-08-27,65.0304,65.0304,0.0
2020-08-28,65.0345,65.0345,0.0
2020-08-31,62.3588,62.3588,0.0
2020-09-01,62.3265,62.3265,0.0
2020-09-02,63.5433,63.5433,0.0
2020-09-03,63.6277,63.6277,0.0
2020-09-04,63.0449,63.0449,0.0
2020-09-07,63.1455,63.1455,0.0
2020-09-08,62.6925,62.6925,0.0
2020-09-09,61.9976,61.9976,0.0
2020-09-10,62.9838,62.9838,0.0
2020-09-11,62.9364,62.9364,0.0
2020-09-14,65.8331,65.8331,0.0
2020-09-15,66.5188,66.5188,0.0
2020-09-16,66.7009,66.7009,0.0
2020-09-17,66.2742,66.2742,0.0
2020-09-18,65.7147,65.7147,0.0
2020-09-21,63.9585,63.9585,0.0
2020-09-22,62.8153,62.8153,0.0
2020-09-23,62.7063,62.7063,0.0
2020-09-24,61.6467,61.6467,0.0
2020-09-25,62.4845,62.4845,0.0
2020-09-28,63.5663,63.5663,0.0
2020-09-29,63.6305,63.6305,0.0
2020-09-30,63.8023,63.8023,0.0
2020-10-01,64.1093,64.1093,0.0
2020-10-05,64.3535,64.3535,0.0
2020-10-06,64.2617,64.2617,0.0
2020-10-07,64.1025,64.1025,0.0
2020-10-08,63.4817,63.4817,0.0
2020-10-09,63.2906,63.2906,0.0
2020-10-12,62.7597,62.7597,0.0
2020-10-13,62.8658,62.8658,0.0
2020-10-14,63.4637,63.4637,0.0
2020-10-15,62.5586,62.5586,0.0
2020-10-16,63.2883,63.2883,0.0
2020-10-19,63.7933,63.7933,0.0
2020-10-20,63.7148,63.7148,0.0
2020-10-21,63.7626,63.7626,0.0
2020-10-22,63.9264,63.9264,0.0
2020-10-23,64.4167,64.4167,0.0
2020-10-26,64.1467,64.1467,0.0
2020-10-27,64.2905,64.2905,0.0
2020-10-28,64.1264,64.1264,0.0
2020-10-29,63.8738,63.8738,0.0
2020-10-30,64.0422,64.0422,0.0
2020-11-02,63.9582,63.9582,0.0
2020-11-03,64.2757,64.2757,0.0
2020-11-04,64.6703,64.6703,0.0
2020-11-05,65.3632,65.3632,0.0
2020-11-06,65.761,65.761,0.0
2020-11-09,66.5707,66.5707,0.0
2020-11-10,66.4961,66.4961,0.0
2020-11-11,66.6685,66.6685,0.0
2020-11-12,67.0874,67.0874,0.0
2020-11-13,67.8975,67.8975,0.0
2020-11-17,69.2585,69.2585,0.0
2020-11-18,70.0787,70.0787,0.0
2020-11-19,70.3257,70.3257,0.0
2020-11-20,70.6897,70.6897,0.0
2020-11-23,71.3108,71.3108,0.0
2020-11-24,72.0394,72.0394,0.0
2020-11-25,71.2859,71.2859,0.0
2020-11-26,71.4394,71.4394,0.0
2020-11-27,73.1105,73.1105,0.0
2020-12-01,73.9151,73.9151,0.0
2020-12-02,74.0961,74.0961,0.0
2020-12-03,74.5188,74.5188,0.0
2020-12-04,75.2531,75.2531,0.0
2020-12-07,76.2757,76.2757,0.0
2020-12-08,76.0347,76.0347,0.0
2020-12-09,76.3633,76.3633,0.0
2020-12-10,76.0258,76.0258,0.0
2020-12-11,76.1897,76.1897,0.0
2020-12-14,76.7302,76.7302,0.0
2020-12-15,76.8527,76.8527,0.0
2020-12-16,77.1352,77.1352,0.0
2020-12-17,76.9464,76.9464,0.0
2020-12-18,76.6351,76.6351,0.0
2020-12-21,74.3431,74.3431,0.0
2020-12-22,74.4438,74.4438,0.0
2020-12-23,75.995,75.995,0.0
2020-12-24,76.2652,76.2652,0.0
2020-12-28,77.201,77.201,0.0
2020-12-29,77.9378,77.9378,0.0
2020-12-30,78.1608,78.1608,0.0
2020-12-31,78.1396,78.1396,0.0
2021-01-01,78.961,78.961,0.0
2021-01-04,79.9178,79.9178,0.0
2021-01-05,80.6897,80.6897,0.0
2021-01-06,80.8795,80.8795,0.0
2021-01-07,81.8689,81.8689,0.0
2021-01-08,82.4047,82.4047,0.0
2021-01-11,82.0949,82.0949,0.0
2021-01-12,81.9853,81.9853,0.0
2021-01-13,81.6065,81.6065,0.0
2021-01-14,81.0944,81.0944,0.0
2021-01-15,80.5302,80.5302,0.0
2021-01-18,79.4401,79.4401,0.0
2021-01-19,80.6173,80.6173,0.0
2021-01-20,80.6259,80.6259,0.0
2021-01-21,80.5094,80.5094,0.0
2021-01-22,79.6084,79.6084,0.0
2021-01-25,78.9867,78.9867,0.0
2021-01-27,78.2494,78.2494,0.0
2021-01-28,77.7009,77.7009,0.0
2021-01-29,77.8537,77.8537,0.0
2021-02-01,79.4344,79.4344,0.0
2021-02-02,80.6225,80.6225,0.0
2021-02-03,81.6538,81.6538,0.0
2021-02-04,82.4453,82.4453,0.0
2021-02-05,82.6153,82.6153,0.0
2021-02-08,83.4924,83.4924,0.0
2021-02-09,83.1303,83.1303,0.0
2021-02-10,83.3864,83.3864,0.0
2021-02-11,84.1694,84.1694,0.0
2021-02-12,84.5864,84.5864,0.0
2021-02-15,85.0276,85.0276,0.0
2021-02-16,84.5871,84.5871,0.0
2021-02-17,84.8193,84.8193,0.0
2021-02-18,85.5317,85.5317,0.0
2021-02-19,84.9273,84.9273,0.0
2021-02-22,83.6608,83.6608,0.0
2021-02-23,84.0135,84.0135,0.0
2021-02-24,84.7936,84.7936,0.0
2021-02-25,86.3588,86.3588,0.0
2021-02-26,85.7878,85.7878,0.0
2021-03-01,86.8947,86.8947,0.0
2021-03-02,87.7662,87.7662,0.0
2021-03-03,88.4923,88.4923,0.0
2021-03-04,88.9623,88.9623,0.0
2021-03-05,88.2252,88.2252,0.0
2021-03-08,88.5876,88.5876,0.0
2021-03-09,88.3161,88.3161,0.0
2021-03-10,88.6966,88.6966,0.0
2021-03-12,88.9315,88.9315,0.0
2021-03-15,88.5963,88.5963,0.0
2021-03-16,88.5682,88.5682,0.0
2021-03-17,87.2732,87.2732,0.0
2021-03-18,86.0465,86.0465,0.0
2021-03-19,85.7498,85.7498,0.0
2021-03-22,86.4156,86.4156,0.0
2021-03-23,87.5212,87.5212,0.0
2021-03-24,86.1717,86.1717,0.0
2021-03-25,84.6698,84.6698,0.0
2021-03-26,85.5087,85.5087,0.0
2021-03-30,86.6977,86.6977,0.0
2021-03-31,87.4737,87.4737,0.0
2021-04-01,88.4903,88.4903,0.0
2021-04-05,87.5976,87.5976,0.0
2021-04-06,88.3419,88.3419,0.0
2021-04-07,88.9063,88.9063,0.0
2021-04-08,89.9964,89.9964,0.0
2021-04-09,90.0091,90.0091,0.0
2021-04-12,86.272,86.272,0.0
2021-04-13,86.9516,86.9516,0.0
2021-04-15,87.1259,87.1259,0.0
2021-04-16,87.3888,87.3888,0.0
2021-04-19,86.7783,86.7783,0.0
2021-04-20,87.1948,87.1948,0.0
2021-04-22,87.767,87.767,0.0
2021-04-23,87.9149,87.9149,0.0
2021-04-26,88.5558,88.5558,0.0
2021-04-27,89.5712,89.5712,0.0
2021-04-28,90.332,90.332,0.0
2021-04-29,90.6173,90.6173,0.0
2021-04-30,90.4752,90.4752,0.0
2021-05-03,91.3828,91.3828,0.0
2021-05-04,91.3626,91.3626,0.0
2021-05-05,92.0577,92.0577,0.0
2021-05-06,92.1186,92.1186,0.0
2021-05-07,92.2135,92.2135,0.0
2021-05-10,92.846,92.846,0.0
2021-05-11,93.5737,93.5737,0.0
2021-05-12,92.9124,92.9124,0.0
2021-05-14,92.2765,92.2765,0.0
2021-05-17,92.9585,92.9585,0.0
2021-05-18,93.9225,93.9225,0.0
2021-05-19,94.7558,94.7558,0.0
2021-05-20,95.0316,95.0316,0.0
2021-05-21,95.3914,95.3914,0.0
2021-05-24,96.0305,96.0305,0.0
2021-05-25,96.8992,96.8992,0.0
2021-05-26,97.3437,97.3437,0.0
2021-05-27,97.9063,97.9063,0.0
2021-05-28,97.2483,97.2483,0.0
2021-05-31,97.38,97.38,0.0
2021-06-01,97.2044,97.2044,0.0
2021-06-02,98.0796,98.0796,0.0
2021-06-03,98.125,98.125,0.0
2021-06-04,98.8539,98.8539,0.0
2021-06-07,99.9491,99.9491,0.0
2021-06-08,100.1122,100.1122,0.0
2021-06-09,99.0036,99.0036,0.0
2021-06-10,99.9654,99.9654,0.0
2021-06-11,99.8345,99.8345,0.0
2021-06-14,99.2339,99.2339,0.0
2021-06-15,99.6014,99.6014,0.0
2021-06-16,99.1338,99.1338,0.0
2021-06-17,98.6026,98.6026,0.0
2021-06-18,98.4344,98.4344,0.0
2021-06-21,98.8195,98.8195,0.0
2021-06-22,99.366,99.366,0.0
2021-06-23,99.71,99.71,0.0
2021-06-24,99.7729,99.7729,0.0
2021-06-25,100.1155,100.1155,0.0
2021-06-28,100.7862,100.7862,0.0
2021-06-29,100.5042,100.5042,0.0
2021-06-30,100.9756,100.9756,0.0
2021-07-01,101.142,101.142,0.0
2021-07-02,101.8067,101.8067,0.0
2021-07-05,102.4792,102.4792,0.0
2021-07-06,102.8988,102.8988,0.0
2021-07-07,103.5981,103.5981,0.0
2021-07-08,103.0963,103.0963,0.0
2021-07-09,103.1664,103.1664,0.0
2021-07-12,104.1041,104.1041,0.0
2021-07-13,104.6746,104.6746,0.0
2021-07-14,105.2564,105.2564,0.0
2021-07-15,105.0695,105.0695,0.0
2021-07-16,104.9914,104.9914,0.0
2021-07-19,104.8046,104.8046,0.0
2021-07-20,103.3603,103.3603,0.0
2021-07-22,104.1531,104.1531,0.0
2021-07-23,104.3972,104.3972,0.0
2021-07-26,104.4083,104.4083,0.0
2021-07-27,103.8914,103.8914,0.0
2021-07-28,103.617,103.617,0.0
2021-07-29,104.8903,104.8903,0.0
2021-07-30,105.3714,105.3714,0.0
2021-08-02,106.1017,106.1017,0.0
2021-08-03,106.3929,106.3929,0.0
2021-08-04,105.4579,105.4579,0.0
2021-08-05,104.998,104.998,0.0
2021-08-06,104.8069,104.8069,0.0
2021-08-09,104.2697,104.2697,0.0
2021-08-10,102.739,102.739,0.0
2021-08-11,101.5778,101.5778,0.0
2021-08-12,102.8351,102.8351,0.0
2021-08-13,103.1156,103.1156,0.0
2021-08-16,102.6818,102.6818,0.0
2021-08-17,102.9948,102.9948,0.0
2021-08-18,102.7792,102.7792,0.0
2021-08-20,101.3154,101.3154,0.0
2021-08-23,100.065,100.065,0.0
2021-08-24,101.0715,101.0715,0.0
2021-08-25,101.532,101.532,0.0
2021-08-26,102.162,102.162,0.0
2021-08-27,102.8137,102.8137,0.0
2021-08-30,104.648,104.648,0.0
2021-08-31,105.6214,105.6214,0.0
2021-09-01,105.6616,105.6616,0.0
2021-09-02,106.4916,106.4916,0.0
2021-09-03,106.5171,106.5171,0.0
2021-09-06,107.1149,107.1149,0.0
2021-09-07,106.9263,106.9263,0.0
2021-09-08,107.1416,107.1416,0.0
2021-09-09,108.1289,108.1289,0.0
2021-09-13,108.3557,108.3557,0.0
2021-09-14,109.5639,109.5639,0.0
2021-09-15,110.3295,110.3295,0.0
2021-09-16,110.188,110.188,0.0
2021-09-17,109.0842,109.0842,0.0
2021-09-20,107.5332,107.5332,0.0
2021-09-21,107.9811,107.9811,0.0
2021-09-22,109.0144,109.0144,0.0
2021-09-23,110.2011,110.2011,0.0
2021-09-24,109.5436,109.5436,0.0
2021-09-27,109.313,109.313,0.0
2021-09-28,109.4454,109.4454,0.0
2021-09-29,109.4882,109.4882,0.0
2021-09-30,110.1672,110.1672,0.0
2021-10-01,110.9385,110.9385,0.0
2021-10-04,112.8335,112.8335,0.0
2021-10-05,112.8715,112.8715,0.0
2021-10-06,112.5383,112.5383,0.0
2021-10-07,113.9512,113.9512,0.0
2021-10-08,114.3972,114.3972,0.0
2021-10-11,115.1336,115.1336,0.0
2021-10-12,115.2274,115.2274,0.0
2021-10-13,116.4436,116.4436,0.0
2021-10-14,116.6919,116.6919,0.0
2021-10-18,117.5222,117.5222,0.0
2021-10-19,116.2545,116.2545,0.0
2021-10-20,113.4912,113.4912,0.0
2021-10-21,113.8861,113.8861,0.0
2021-10-22,113.4348,113.4348,0.0
2021-10-25,111.9962,111.9962,0.0
2021-10-26,113.5163,113.5163,0.0
2021-10-27,114.1178,114.1178,0.0
2021-10-28,113.475,113.475,0.0
2021-10-29,113.6715,113.6715,0.0
2021-11-01,114.2579,114.2579,0.0
2021-11-02,115.5178,115.5178,0.0
2021-11-03,115.5222,115.5222,0.0
2021-11-08,117.3055,117.3055,0.0
2021-11-09,117.9077,117.9077,0.0
2021-11-10,117.9059,117.9059,0.0
2021-11-11,118.4235,118.4235,0.0
2021-11-12,119.2912,119.2912,0.0
2021-11-15,119.239,119.239,0.0
2021-11-16,118.6213,118.6213,0.0
2021-11-17,118.1513,118.1513,0.0
2021-11-18,116.9958,116.9958,0.0
2021-11-22,114.5634,114.5634,0.0
2021-11-23,115.7625,115.7625,0.0
2021-11-24,116.9382,116.9382,0.0
2021-11-25,117.3365,117.3365,0.0
2021-11-26,113.7581,113.7581,0.0
2021-11-29,112.0406,112.0406,0.0
2021-11-30,114.6061,114.6061,0.0
2021-12-01,114.5225,114.5225,0.0
2021-12-02,115.1803,115.1803,0.0
2021-12-03,115.4989,115.4989,0.0
2021-12-06,114.2375,114.2375,0.0
2021-12-07,115.5693,115.5693,0.0
2021-12-08,115.9955,115.9955,0.0
2021-12-09,116.4189,116.4189,0.0
2021-12-10,117.0295,117.0295,0.0
2021-12-13,116.6731,116.6731,0.0
2021-12-14,116.5661,116.5661,0.0
2021-12-15,116.7334,116.7334,0.0
2021-12-16,115.5621,115.5621,0.0
2021-12-17,114.4182,114.4182,0.0
2021-12-20,111.4291,111.4291,0.0
2021-12-21,112.1347,112.1347,0.0
2021-12-22,113.5008,113.5008,0.0
2021-12-23,114.0603,114.0603,0.0
2021-12-24,113.0034,113.0034,0.0
2021-12-27,113.1013,113.1013,0.0
2021-12-28,114.187,114.187,0.0
2021-12-29,115.107,115.107,0.0
2021-12-30,115.0392,115.0392,0.0
2021-12-31,116.5135,116.5135,0.0
2022-01-03,117.8295,117.8295,0.0
2022-01-04,117.9937,117.9937,0.0
2022-01-05,117.8449,117.8449,0.0
2022-01-06,118.078,118.078,0.0
2022-01-07,118.0578,118.0578,0.0
2022-01-10,119.259,119.259,0.0
2022-01-11,119.2122,119.2122,0.0
2022-01-12,120.503,120.503,0.0
2022-01-13,120.6145,120.6145,0.0
2022-01-14,121.5144,121.5144,0.0
2022-01-17,121.889,121.889,0.0
2022-01-18,120.3738,120.3738,0.0
2022-01-19,120.1682,120.1682,0.0
2022-01-20,120.1311,120.1311,0.0
2022-01-21,118.8871,118.8871,0.0
2022-01-24,113.8388,113.8388,0.0
2022-01-25,114.9265,114.9265,0.0
2022-01-27,113.4644,113.4644,0.0
2022-01-28,113.7542,113.7542,0.0
2022-01-31,115.1383,115.1383,0.0
2022-02-01,116.8615,116.8615,0.0
2022-02-02,118.2925,118.2925,0.0
2022-02-03,117.9384,117.9384,0.0
2022-02-04,118.1779,118.1779,0.0
2022-02-07,118.1213,118.1213,0.0
2022-02-08,116.9897,116.9897,0.0
2022-02-09,116.6628,116.6628,0.0
2022-02-10,116.361,116.361,0.0
2022-02-11,114.5805,114.5805,0.0
2022-02-14,111.1649,111.1649,0.0
2022-02-15,112.2859,112.2859,0.0
2022-02-16,113.4702,113.4702,0.0
2022-02-17,113.0094,113.0094,0.0
2022-02-18,112.6163,112.6163,0.0
2022-02-21,110.5555,110.5555,0.0
2022-02-22,109.2415,109.2415,0.0
2022-02-23,109.8892,109.8892,0.0
2022-02-24,105.5919,105.5919,0.0
2022-02-25,109.1447,109.1447,0.0
2022-02-28,109.8735,109.8735,0.0
2022-03-02,109.7898,109.7898,0.0
2022-03-03,109.9523,109.9523,0.0
2022-03-04,108.4432,108.4432,0.0
2022-03-07,106.6562,106.6562,0.0
2022-03-08,107.1074,107.1074,0.0
2022-03-09,108.7536,108.7536,0.0
2022-03-10,109.8399,109.8399,0.0
2022-03-11,110.3959,110.3959,0.0
2022-03-14,111.3776,111.3776,0.0
2022-03-15,110.7915,110.7915,0.0
2022-03-16,111.4996,111.4996,0.0
2022-03-17,112.1278,112.1278,0.0
2022-03-21,111.8034,111.8034,0.0
2022-03-22,111.8136,111.8136,0.0
2022-03-23,112.0594,112.0594,0.0
2022-03-24,112.129,112.129,0.0
2022-03-25,111.8414,111.8414,0.0
2022-03-28,111.3773,111.3773,0.0
2022-03-29,112.833,112.833,0.0
2022-03-30,113.3938,113.3938,0.0
2022-03-31,113.3881,113.3881,0.0
2022-04-01,114.8655,114.8655,0.0
2022-04-04,116.1819,116.1819,0.0
2022-04-05,117.6729,117.6729,0.0
2022-04-06,117.9615,117.9615,0.0
2022-04-07,117.3808,117.3808,0.0
2022-04-08,118.159,118.159,0.0
2022-04-11,118.7434,118.7434,0.0
2022-04-12,117.6272,117.6272,0.0
2022-04-13,117.5522,117.5522,0.0
2022-04-18,117.0086,117.0086,0.0
2022-04-19,116.0671,116.0671,0.0
2022-04-20,116.0793,116.0793,0.0
2022-04-21,117.0681,117.0681,0.0
2022-04-22,116.9877,116.9877,0.0
2022-04-25,115.7364,115.7364,0.0
2022-04-26,116.5381,116.5381,0.0
2022-04-27,116.3239,116.3239,0.0
2022-04-28,117.2654,117.2654,0.0
2022-04-29,116.4371,116.4371,0.0
2022-05-02,115.6675,115.6675,0.0
2022-05-04,113.5479,113.5479,0.0
2022-05-05,113.3928,113.3928,0.0
2022-05-06,111.917,111.917,0.0
2022-05-09,111.1072,111.1072,0.0
2022-05-10,109.6278,109.6278,0.0
2022-05-11,108.1924,108.1924,0.0
2022-05-12,106.8265,106.8265,0.0
2022-05-13,107.0481,107.0481,0.0
2022-05-16,108.381,108.381,0.0
2022-05-17,110.5126,110.5126,0.0
2022-05-18,110.4242,110.4242,0.0
2022-05-19,109.1737,109.1737,0.0
2022-05-20,110.5206,110.5206,0.0
2022-05-23,110.7194,110.7194,0.0
2022-05-24,110.3592,110.3592,0.0
2022-05-25,108.4736,108.4736,0.0
2022-05-26,109.0641,109.0641,0.0
2022-05-27,109.1239,109.1239,0.0
2022-05-30,110.8854,110.8854,0.0
2022-05-31,111.3985,111.3985,0.0
2022-06-01,113.0469,113.0469,0.0
2022-06-02,113.0447,113.0447,0.0
2022-06-03,111.6854,111.6854,0.0
2022-06-06,111.468,111.468,0.0
2022-06-07,110.8741,110.8741,0.0
2022-06-08,110.696,110.696,0.0
2022-06-09,110.773,110.773,0.0
2022-06-10,110.3611,110.3611,0.0
2022-06-13,108.1973,108.1973,0.0
2022-06-14,107.7655,107.7655,0.0
2022-06-15,107.9569,107.9569,0.0
2022-06-16,105.836,105.836,0.0
2022-06-17,104.8911,104.8911,0.0
2022-06-20,103.2049,103.2049,0.0
2022-06-21,104.8701,104.8701,0.0
2022-06-22,104.2718,104.2718,0.0
2022-06-23,105.5826,105.5826,0.0
2022-06-24,106.563,106.563,0.0
2022-06-27,107.743,107.743,0.0
2022-06-28,107.8457,107.8457,0.0
2022-06-29,107.5298,107.5298,0.0
2022-06-30,107.3447,107.3447,0.0
2022-07-01,107.2511,107.2511,0.0
2022-07-04,108.086,108.086,0.0
2022-07-05,108.9019,108.9019,0.0
2022-07-06,109.4531,109.4531,0.0
2022-07-07,110.0959,110.0959,0.0
2022-07-08,110.3205,110.3205,0.0
2022-07-11,111.3735,111.3735,0.0
2022-07-12,110.5217,110.5217,0.0
2022-07-13,110.6876,110.6876,0.0
2022-07-14,110.5523,110.5523,0.0
2022-07-15,111.1987,111.1987,0.0
2022-07-18,111.9322,111.9322,0.0
2022-07-19,112.8046,112.8046,0.0
2022-07-20,112.9868,112.9868,0.0
2022-07-21,113.4094,113.4094,0.0
2022-07-22,114.09,114.09,0.0
2022-07-25,114.3251,114.3251,0.0
2022-07-26,113.9363,113.9363,0.0
2022-07-27,114.2238,114.2238,0.0
2022-07-28,115.4212,115.4212,0.0
2022-07-29,115.8262,115.8262,0.0
2022-08-01,118.4285,118.4285,0.0
2022-08-02,119.6709,119.6709,0.0
2022-08-03,119.3671,119.3671,0.0
2022-08-04,119.5351,119.5351,0.0
2022-08-05,119.5001,119.5001,0.0
2022-08-08,120.8529,120.8529,0.0
2022-08-10,121.7895,121.7895,0.0
2022-08-11,122.0436,122.0436,0.0
2022-08-12,122.1465,122.1465,0.0
2022-08-16,122.5798,122.5798,0.0
2022-08-17,122.7003,122.7003,0.0
2022-08-18,123.1031,123.1031,0.0
2022-08-19,121.8963,121.8963,0.0
2022-08-22,121.1594,121.1594,0.0
2022-08-23,122.1378,122.1378,0.0
2022-08-24,122.9131,122.9131,0.0
2022-08-25,123.2572,123.2572,0.0
2022-08-26,123.6562,123.6562,0.0
2022-08-29,123.2418,123.2418,0.0
2022-08-30,124.7127,124.7127,0.0
2022-09-01,124.8265,124.8265,0.0
2022-09-02,126.1091,126.1091,0.0
2022-09-05,126.9883,126.9883,0.0
2022-09-06,127.812,127.812,0.0
2022-09-07,128.9903,128.9903,0.0
2022-09-08,129.8388,129.8388,0.0
2022-09-09,130.1662,130.1662,0.0
2022-09-12,131.2711,131.2711,0.0
2022-09-13,130.9984,130.9984,0.0
2022-09-14,131.5105,131.5105,0.0
2022-09-15,130.8477,130.8477,0.0
2022-09-16,128.0029,128.0029,0.0
2022-09-19,127.8166,127.8166,0.0
2022-09-20,128.8983,128.8983,0.0
2022-09-21,128.623,128.623,0.0
2022-09-22,128.606,128.606,0.0
2022-09-23,126.9671,126.9671,0.0
2022-09-26,123.8437,123.8437,0.0
2022-09-27,124.6406,124.6406,0.0
2022-09-28,124.4319,124.4319,0.0
2022-09-29,125.2023,125.2023,0.0
2022-09-30,126.7384,126.7384,0.0
2022-10-03,127.1351,127.1351,0.0
2022-10-04,128.2436,128.2436,0.0
2022-10-06,128.8844,128.8844,0.0
2022-10-07,129.3889,129.3889,0.0
2022-10-10,128.2879,128.2879,0.0
2022-10-11,127.5503,127.5503,0.0
2022-10-12,127.8117,127.8117,0.0
2022-10-13,127.0832,127.0832,0.0
2022-10-14,127.3371,127.3371,0.0
2022-10-17,127.4936,127.4936,0.0
2022-10-18,128.0846,128.0846,0.0
2022-10-19,128.6649,128.6649,0.0
2022-10-20,128.7159,128.7159,0.0
2022-10-21,127.685,127.685,0.0
2022-10-25,128.1443,128.1443,0.0
2022-10-27,128.5742,128.5742,0.0
2022-10-28,127.8495,127.8495,0.0
2022-10-31,127.6411,127.6411,0.0
2022-11-01,127.8603,127.8603,0.0
2022-11-02,128.4568,128.4568,0.0
2022-11-03,128.4345,128.4345,0.0
2022-11-04,128.615,128.615,0.0
2022-11-07,128.9903,128.9903,0.0
2022-11-09,128.443,128.443,0.0
2022-11-10,127.722,127.722,0.0
2022-11-11,127.747,127.747,0.0
2022-11-14,127.4932,127.4932,0.0
2022-11-15,127.4028,127.4028,0.0
2022-11-16,128.1135,128.1135,0.0
2022-11-17,128.0744,128.0744,0.0
2022-11-18,127.4022,127.4022,0.0
2022-11-21,127.6535,127.6535,0.0
2022-11-22,127.4269,127.4269,0.0
2022-11-23,127.7493,127.7493,0.0
2022-11-24,128.2567,128.2567,0.0
2022-11-25,128.5562,128.5562,0.0
2022-11-28,129.0166,129.0166,0.0
2022-11-29,128.544,128.544,0.0
2022-11-30,129.5097,129.5097,0.0
2022-12-01,130.2758,130.2758,0.0
2022-12-02,130.6855,130.6855,0.0
2022-12-05,131.0408,131.0408,0.0
2022-12-06,130.9286,130.9286,0.0
2022-12-07,130.6184,130.6184,0.0
2022-12-08,131.3288,131.3288,0.0
2022-12-09,130.5903,130.5903,0.0
2022-12-12,130.6256,130.6256,0.0
2022-12-13,131.0784,131.0784,0.0
2022-12-14,131.9951,131.9951,0.0
2022-12-15,130.9591,130.9591,0.0
2022-12-16,129.8891,129.8891,0.0
2022-12-19,129.9222,129.9222,0.0
2022-12-20,130.2814,130.2814,0.0
2022-12-21,128.1564,128.1564,0.0
2022-12-22,125.9663,125.9663,0.0
2022-12-23,122.5751,122.5751,0.0
2022-12-26,125.3049,125.3049,0.0
2022-12-27,126.32,126.32,0.0
2022-12-28,126.6449,126.6449,0.0
2022-12-29,127.0211,127.0211,0.0
2022-12-30,127.3348,127.3348,0.0
2023-01-02,127.8404,127.8404,0.0
2023-01-03,127.7046,127.7046,0.0
2023-01-04,126.7266,126.7266,0.0
2023-01-05,126.7327,126.7327,0.0
2023-01-06,125.7185,125.7185,0.0
2023-01-09,126.4462,126.4462,0.0
2023-01-10,125.8004,125.8004,0.0
2023-01-11,125.908,125.908,0.0
2023-01-12,126.1964,126.1964,0.0
2023-01-13,126.0588,126.0588,0.0
2023-01-16,125.9832,125.9832,0.0
2023-01-17,125.8074,125.8074,0.0
2023-01-18,125.7186,125.7186,0.0
2023-01-19,125.5433,125.5433,0.0
2023-01-20,124.805,124.805,0.0
2023-01-23,124.425,124.425,0.0
2023-01-24,124.1328,124.1328,0.0
2023-01-25,123.7522,123.7522,0.0
2023-01-27,122.6962,122.6962,0.0
2023-01-30,122.3633,122.3633,0.0
2023-01-31,124.3138,124.3138,0.0
2023-02-01,123.4784,123.4784,0.0
2023-02-02,124.0083,124.0083,0.0
2023-02-03,124.2907,124.2907,0.0
2023-02-06,123.9921,123.9921,0.0
2023-02-07,124.4182,124.4182,0.0
2023-02-08,125.1117,125.1117,0.0
2023-02-09,124.7379,124.7379,0.0
2023-02-10,125.1702,125.1702,0.0
2023-02-13,124.4056,124.4056,0.0
2023-02-14,124.0916,124.0916,0.0
2023-02-15,124.4506,124.4506,0.0
2023-02-16,124.9714,124.9714,0.0
2023-02-17,125.1119,125.1119,0.0
2023-02-20,124.9814,124.9814,0.0
2023-02-21,124.5172,124.5172,0.0
2023-02-22,123.392,123.392,0.0
2023-02-23,123.0513,123.0513,0.0
2023-02-24,123.1777,123.1777,0.0
2023-02-27,122.0552,122.0552,0.0
2023-02-28,122.8701,122.8701,0.0
2023-03-01,123.665,123.665,0.0
2023-03-02,123.3993,123.3993,0.0
2023-03-03,123.9481,123.9481,0.0
2023-03-06,124.8339,124.8339,0.0
2023-03-08,124.7469,124.7469,0.0
2023-03-09,124.5502,124.5502,0.0
2023-03-10,124.211,124.211,0.0
2023-03-13,122.7771,122.7771,0.0
2023-03-14,121.7529,121.7529,0.0
2023-03-15,121.8605,121.8605,0.0
2023-03-16,120.9417,120.9417,0.0
2023-03-17,121.446,121.446,0.0
2023-03-20,120.3344,120.3344,0.0
2023-03-21,120.9953,120.9953,0.0
2023-03-22,121.4156,121.4156,0.0
2023-03-23,121.7065,121.7065,0.0
2023-03-24,120.2745,120.2745,0.0
2023-03-27,119.383,119.383,0.0
2023-03-28,118.3058,118.3058,0.0
2023-03-29,120.0371,120.0371,0.0
2023-03-31,121.7144,121.7144,0.0
2023-04-03,122.1271,122.1271,0.0
2023-04-05,122.6212,122.6212,0.0
2023-04-06,122.7811,122.7811,0.0
2023-04-10,122.9416,122.9416,0.0
2023-04-11,123.2215,123.2215,0.0
2023-04-12,123.6808,123.6808,0.0
2023-04-13,123.9911,123.9911,0.0
2023-04-17,124.2728,124.2728,0.0
2023-04-18,124.3244,124.3244,0.0
2023-04-19,124.6246,124.6246,0.0
2023-04-20,125.3792,125.3792,0.0
2023-04-21,125.2284,125.2284,0.0
2023-04-24,125.372,125.372,0.0
2023-04-25,125.3949,125.3949,0.0
2023-04-26,125.8618,125.8618,0.0
2023-04-27,126.338,126.338,0.0
2023-04-28,127.1712,127.1712,0.0
2023-05-02,127.3545,127.3545,0.0
2023-05-03,127.493,127.493,0.0
2023-05-04,128.1846,128.1846,0.0
2023-05-05,127.7371,127.7371,0.0
2023-05-08,128.9877,128.9877,0.0
2023-05-09,128.8274,128.8274,0.0
2023-05-10,129.4546,129.4546,0.0
2023-05-11,130.2851,130.2851,0.0
2023-05-12,130.1433,130.1433,0.0
2023-05-15,130.5259,130.5259,0.0
2023-05-16,130.8127,130.8127,0.0
2023-05-17,130.5682,130.5682,0.0
2023-05-18,130.6447,130.6447,0.0
2023-05-19,130.2383,130.2383,0.0
2023-05-22,131.1264,131.1264,0.0
2023-05-23,130.87,130.87,0.0
2023-05-24,130.9864,130.9864,0.0
2023-05-25,131.1635,131.1635,0.0
2023-05-26,131.5821,131.5821,0.0
2023-05-29,131.7139,131.7139,0.0
2023-05-30,131.9012,131.9012,0.0
2023-05-31,132.2913,132.2913,0.0
2023-06-01,132.3341,132.3341,0.0
2023-06-02,132.614,132.614,0.0
2023-06-05,133.1177,133.1177,0.0
2023-06-06,133.5734,133.5734,0.0
2023-06-07,134.9855,134.9855,0.0
2023-06-08,134.5646,134.5646,0.0
2023-06-09,134.1118,134.1118,0.0
2023-06-12,134.7018,134.7018,0.0
2023-06-13,135.9844,135.9844,0.0
2023-06-14,136.5423,136.5423,0.0
2023-06-15,136.6775,136.6775,0.0
2023-06-16,137.2618,137.2618,0.0
2023-06-19,137.0258,137.0258,0.0
2023-06-20,137.3878,137.3878,0.0
2023-06-21,137.8518,137.8518,0.0
2023-06-22,137.2514,137.2514,0.0
2023-06-23,136.3524,136.3524,0.0
2023-06-26,137.1738,137.1738,0.0
2023-06-27,137.5173,137.5173,0.0
2023-06-28,137.561,137.561,0.0
2023-06-30,138.0883,138.0883,0.0
2023-07-03,138.6742,138.6742,0.0
2023-07-04,138.2876,138.2876,0.0
2023-07-05,138.9579,138.9579,0.0
2023-07-06,139.6278,139.6278,0.0
2023-07-07,139.5112,139.5112,0.0
2023-07-10,139.4743,139.4743,0.0
2023-07-11,139.9054,139.9054,0.0
2023-07-12,140.8036,140.8036,0.0
2023-07-13,140.3448,140.3448,0.0
2023-07-14,141.0983,141.0983,0.0
2023-07-17,142.205,142.205,0.0
2023-07-18,141.8948,141.8948,0.0
2023-07-19,142.4317,142.4317,0.0
2023-07-20,143.0615,143.0615,0.0
2023-07-21,142.8064,142.8064,0.0
2023-07-24,143.1832,143.1832,0.0
2023-07-25,143.1863,143.1863,0.0
2023-07-26,143.6188,143.6188,0.0
2023-07-27,143.8359,143.8359,0.0
2023-07-28,144.5824,144.5824,0.0
2023-07-31,146.1582,146.1582,0.0
2023-08-01,146.7457,146.7457,0.0
2023-08-02,145.4234,145.4234,0.0
2023-08-03,145.0795,145.0795,0.0
2023-08-04,145.7129,145.7129,0.0
2023-08-07,145.7272,145.7272,0.0
2023-08-08,145.5002,145.5002,0.0
2023-08-09,146.3293,146.3293,0.0
2023-08-10,145.4723,145.4723,0.0
2023-08-11,145.5881,145.5881,0.0
2023-08-14,145.3391,145.3391,0.0
2023-08-16,145.847,145.847,0.0
2023-08-17,145.501,145.501,0.0
2023-08-18,145.4976,145.4976,0.0
2023-08-21,145.9692,145.9692,0.0
2023-08-22,147.4207,147.4207,0.0
2023-08-23,147.6666,147.6666,0.0
2023-08-24,147.6233,147.6233,0.0
2023-08-25,147.0885,147.0885,0.0
2023-08-28,148.1074,148.1074,0.0
2023-08-29,148.5692,148.5692,0.0
2023-08-30,149.2884,149.2884,0.0
2023-08-31,150.2306,150.2306,0.0
2023-09-01,150.4126,150.4126,0.0
2023-09-04,151.5748,151.5748,0.0
2023-09-05,151.7655,151.7655,0.0
2023-09-06,151.6147,151.6147,0.0
2023-09-07,153.151,153.151,0.0
2023-09-08,153.8431,153.8431,0.0
2023-09-11,154.9908,154.9908,0.0
2023-09-12,151.6583,151.6583,0.0
2023-09-13,151.9055,151.9055,0.0
2023-09-14,153.1389,153.1389,0.0
2023-09-15,153.193,153.193,0.0
2023-09-18,152.7061,152.7061,0.0
2023-09-20,152.9313,152.9313,0.0
2023-09-21,150.8272,150.8272,0.0
2023-09-22,151.2597,151.2597,0.0
2023-09-25,151.1966,151.1966,0.0
2023-09-26,151.1526,151.1526,0.0
2023-09-27,151.7553,151.7553,0.0
2023-09-29,151.2497,151.2497,0.0
2023-10-03,151.7295,151.7295,0.0
2023-10-04,150.848,150.848,0.0
2023-10-05,151.0584,151.0584,0.0
2023-10-06,151.72,151.72,0.0
2023-10-09,149.6845,149.6845,0.0
2023-10-10,150.8563,150.8563,0.0
2023-10-11,151.7229,151.7229,0.0
2023-10-12,152.0191,152.0191,0.0
2023-10-13,151.9922,151.9922,0.0
2023-10-16,152.9747,152.9747,0.0
2023-10-17,153.4866,153.4866,0.0
2023-10-18,153.6252,153.6252,0.0
2023-10-19,153.637,153.637,0.0
2023-10-20,152.8916,152.8916,0.0
2023-10-23,148.0186,148.0186,0.0
2023-10-25,146.7862,146.7862,0.0
2023-10-26,145.453,145.453,0.0
2023-10-27,147.2793,147.2793,0.0
2023-10-30,147.1974,147.1974,0.0
2023-10-31,147.5626,147.5626,0.0
2023-11-01,147.1546,147.1546,0.0
2023-11-02,147.8192,147.8192,0.0
2023-11-03,148.7205,148.7205,0.0
2023-11-06,149.592,149.592,0.0
2023-11-07,150.0494,150.0494,0.0
2023-11-08,150.5331,150.5331,0.0
2023-11-09,150.3998,150.3998,0.0
2023-11-10,150.5781,150.5781,0.0
2023-11-13,151.314,151.314,0.0
2023-11-15,152.7398,152.7398,0.0
2023-11-16,152.8377,152.8377,0.0
2023-11-17,153.408,153.408,0.0
2023-11-20,153.9873,153.9873,0.0
2023-11-21,154.9701,154.9701,0.0
2023-11-22,154.4341,154.4341,0.0
2023-11-23,154.3926,154.3926,0.0
2023-11-24,154.683,154.683,0.0
2023-11-28,155.6451,155.6451,0.0
2023-11-29,155.7105,155.7105,0.0
2023-11-30,157.4314,157.4314,0.0
2023-12-01,157.4176,157.4176,0.0
2023-12-04,158.8101,158.8101,0.0
2023-12-05,159.5041,159.5041,0.0
2023-12-06,159.4849,159.4849,0.0
2023-12-07,159.9568,159.9568,0.0
2023-12-08,159.5553,159.5553,0.0
2023-12-11,159.7954,159.7954,0.0
2023-12-12,159.4436,159.4436,0.0
2023-12-13,159.9402,159.9402,0.0
2023-12-14,161.0609,161.0609,0.0
2023-12-15,161.5428,161.5428,0.0
2023-12-18,161.4356,161.4356,0.0
2023-12-19,161.0618,161.0618,0.0
2023-12-20,157.127,157.127,0.0
2023-12-21,158.6327,158.6327,0.0
2023-12-22,159.2023,159.2023,0.0
2023-12-26,159.3241,159.3241,0.0
2023-12-27,159.8029,159.8029,0.0
2023-12-28,159.9625,159.9625,0.0
2023-12-29,161.2357,161.2357,0.0
2024-01-01,161.4272,161.4272,0.0
2024-01-02,162.0646,162.0646,0.0
2024-01-03,162.106,162.106,0.0
2024-01-04,162.7609,162.7609,0.0
2024-01-05,163.7499,163.7499,0.0
2024-01-08,162.5916,162.5916,0.0
2024-01-09,162.8311,162.8311,0.0
2024-01-10,162.7562,162.7562,0.0
2024-01-11,163.7165,163.7165,0.0
2024-01-12,164.2106,164.2106,0.0
2024-01-15,165.0183,165.0183,0.0
2024-01-16,164.4321,164.4321,0.0
2024-01-17,162.9031,162.9031,0.0
2024-01-18,162.2609,162.2609,0.0
2024-01-19,162.8323,162.8323,0.0
2024-01-23,161.1305,161.1305,0.0
2024-01-24,162.9044,162.9044,0.0
2024-01-25,163.0642,163.0642,0.0
2024-01-29,164.243,164.243,0.0
2024-01-30,163.8854,163.8854,0.0
2024-01-31,167.0853,167.0853,0.0
2024-02-01,166.5191,166.5191,0.0
2024-02-02,166.8172,166.8172,0.0
2024-02-05,165.8049,165.8049,0.0
2024-02-06,168.0277,168.0277,0.0
2024-02-07,168.7067,168.7067,0.0
2024-02-08,168.6894,168.6894,0.0
2024-02-09,168.0813,168.0813,0.0
2024-02-12,165.3607,165.3607,0.0
2024-02-13,166.3553,166.3553,0.0
2024-02-14,168.0551,168.0551,0.0
2024-02-15,168.783,168.783,0.0
2024-02-16,169.6879,169.6879,0.0
2024-02-19,169.6421,169.6421,0.0
2024-02-20,169.7975,169.7975,0.0
2024-02-21,169.2609,169.2609,0.0
2024-02-22,169.453,169.453,0.0
2024-02-23,170.7513,170.7513,0.0
2024-02-26,170.7723,170.7723,0.0
2024-02-27,171.1506,171.1506,0.0
2024-02-28,169.6781,169.6781,0.0
2024-02-29,169.9634,169.9634,0.0
2024-03-01,171.3862,171.3862,0.0
2024-03-04,172.0116,172.0116,0.0
2024-03-05,171.4449,171.4449,0.0
2024-03-06,168.7803,168.7803,0.0
2024-03-07,169.9846,169.9846,0.0
2024-03-11,168.4794,168.4794,0.0
2024-03-12,166.2062,166.2062,0.0
2024-03-13,160.5835,160.5835,0.0
2024-03-14,162.5619,162.5619,0.0
2024-03-15,162.6157,162.6157,0.0
2024-03-18,163.1055,163.1055,0.0
2024-03-19,162.3885,162.3885,0.0
2024-03-20,162.0769,162.0769,0.0
2024-03-21,165.0148,165.0148,0.0
2024-03-22,166.5897,166.5897,0.0
2024-03-26,166.3844,166.3844,0.0
2024-03-27,167.1819,167.1819,0.0
2024-03-28,167.8139,167.8139,0.0
2024-03-31,167.8136,167.8136,0.0
2024-04-01,171.3184,171.3184,0.0
2024-04-02,172.3272,172.3272,0.0
2024-04-03,173.6926,173.6926,0.0
2024-04-04,174.6364,174.6364,0.0
2024-04-05,175.3538,175.3538,0.0
2024-04-08,175.5646,175.5646,0.0
2024-04-09,175.3061,175.3061,0.0
2024-04-10,176.9202,176.9202,0.0
2024-04-12,175.8047,175.8047,0.0
2024-04-15,174.1554,174.1554,0.0
2024-04-16,174.6419,174.6419,0.0
2024-04-18,174.7465,174.7465,0.0
2024-04-19,175.6445,175.6445,0.0
2024-04-22,177.2586,177.2586,0.0
2024-04-23,178.2084,178.2084,0.0
2024-04-24,179.5328,179.5328,0.0
2024-04-25,180.4345,180.4345,0.0
2024-04-26,180.425,180.425,0.0
2024-04-29,181.053,181.053,0.0
2024-04-30,181.4347,181.4347,0.0
2024-05-02,181.828,181.828,0.0
2024-05-03,180.5829,180.5829,0.0
2024-05-06,179.8196,179.8196,0.0
2024-05-07,178.2565,178.2565,0.0
2024-05-08,179.0846,179.0846,0.0
2024-05-09,174.9782,174.9782,0.0
2024-05-10,175.7796,175.7796,0.0
2024-05-13,175.8048,175.8048,0.0
2024-05-14,177.7655,177.7655,0.0
2024-05-15,179.5407,179.5407,0.0
2024-05-16,181.9138,181.9138,0.0
2024-05-17,183.6697,183.6697,0.0
2024-05-21,184.7749,184.7749,0.0
2024-05-22,185.1718,185.1718,0.0
2024-05-23,184.8647,184.8647,0.0
2024-05-24,184.2296,184.2296,0.0
2024-05-27,183.9672,183.9672,0.0
2024-05-28,183.2963,183.2963,0.0
2024-05-29,183.9199,183.9199,0.0
2024-05-30,181.9907,181.9907,0.0
2024-05-31,183.555,183.555,0.0
2024-06-03,186.9155,186.9155,0.0
2024-06-04,178.3591,178.3591,0.0
2024-06-05,183.0496,183.0496,0.0
2024-06-06,186.5083,186.5083,0.0
2024-06-07,189.5698,189.5698,0.0
2024-06-10,192.3518,192.3518,0.0
2024-06-11,193.7358,193.7358,0.0
2024-06-12,195.4415,195.4415,0.0
2024-06-13,196.4383,196.4383,0.0
2024-06-14,198.1281,198.1281,0.0
2024-06-18,198.2516,198.2516,0.0
2024-06-19,197.8645,197.8645,0.0
2024-06-20,198.7321,198.7321,0.0
2024-06-21,198.8453,198.8453,0.0
2024-06-24,198.9645,198.9645,0.0
2024-06-25,199.2888,199.2888,0.0
2024-06-26,198.6826,198.6826,0.0
2024-06-27,197.541,197.541,0.0
2024-06-28,197.8746,197.8746,0.0
2024-06-30,197.8755,197.8755,0.0
2024-07-01,200.4556,200.4556,0.0
2024-07-02,200.5912,200.5912,0.0
2024-07-03,202.9049,202.9049,0.0
2024-07-04,203.5723,203.5723,0.0
2024-07-05,204.8921,204.8921,0.0
2024-07-08,203.9505,203.9505,0.0
2024-07-09,204.7434,204.7434,0.0
2024-07-10,204.005,204.005,0.0
2024-07-11,205.3326,205.3326,0.0
2024-07-12,204.3766,204.3766,0.0
2024-07-15,204.2651,204.2651,0.0
2024-07-16,204.6439,204.6439,0.0
2024-07-18,203.6047,203.6047,0.0
2024-07-19,200.7347,200.7347,0.0
2024-07-22,202.0355,202.0355,0.0
2024-07-23,201.7018,201.7018,0.0
2024-07-24,204.4677,204.4677,0.0
2024-07-25,203.7419,203.7419,0.0
2024-07-26,205.4205,205.4205,0.0
2024-07-29,208.2548,208.2548,0.0
2024-07-30,208.6912,208.6912,0.0
2024-07-31,208.4358,208.4358,0.0
2024-08-01,207.8403,207.8403,0.0
2024-08-02,206.2035,206.2035,0.0
2024-08-05,199.5619,199.5619,0.0
2024-08-06,199.0114,199.0114,0.0
2024-08-07,202.0034,202.0034,0.0
2024-08-08,201.0925,201.0925,0.0
2024-08-09,201.5699,201.5699,0.0
2024-08-12,202.1742,202.1742,0.0
2024-08-13,201.6101,201.6101,0.0
2024-08-14,200.5532,200.5532,0.0
2024-08-16,202.8471,202.8471,0.0
2024-08-19,204.1016,204.1016,0.0
2024-08-20,204.2778,204.2778,0.0
2024-08-21,205.6904,205.6904,0.0
2024-08-22,206.1419,206.1419,0.0
2024-08-23,206.3889,206.3889,0.0
2024-08-26,206.7864,206.7864,0.0
2024-08-27,207.4904,207.4904,0.0
2024-08-28,207.8987,207.8987,0.0
2024-08-29,207.0499,207.0499,0.0
2024-08-30,208.4168,208.4168,0.0
2024-08-31,208.4167,208.4167,0.0
2024-09-02,208.3113,208.3113,0.0
2024-09-03,209.171,209.171,0.0
2024-09-04,208.9043,208.9043,0.0
2024-09-05,210.0836,210.0836,0.0
2024-09-06,209.5018,209.5018,0.0
2024-09-09,208.709,208.709,0.0
2024-09-10,211.8353,211.8353,0.0
2024-09-11,210.1111,210.1111,0.0
2024-09-12,211.2842,211.2842,0.0
2024-09-13,212.6824,212.6824,0.0
2024-09-16,213.118,213.118,0.0
2024-09-17,212.8713,212.8713,0.0
2024-09-18,212.1974,212.1974,0.0
2024-09-19,211.2903,211.2903,0.0
2024-09-20,212.0753,212.0753,0.0
2024-09-23,213.6607,213.6607,0.0
2024-09-24,212.9454,212.9454,0.0
2024-09-25,213.2071,213.2071,0.0
2024-09-26,212.393,212.393,0.0
2024-09-27,213.8245,213.8245,0.0
2024-09-30,213.8541,213.8541,0.0
2024-10-01,214.2759,214.2759,0.0
2024-10-03,211.1073,211.1073,0.0
2024-10-04,210.645,210.645,0.0
2024-10-07,205.9307,205.9307,0.0
2024-10-08,209.7125,209.7125,0.0
2024-10-09,211.4618,211.4618,0.0
2024-10-10,211.2075,211.2075,0.0
2024-10-11,211.8682,211.8682,0.0
2024-10-14,212.7061,212.7061,0.0
2024-10-15,214.6767,214.6767,0.0
2024-10-16,214.6138,214.6138,0.0
2024-10-17,212.5836,212.5836,0.0
2024-10-18,212.4258,212.4258,0.0
2024-10-21,209.1812,209.1812,0.0
2024-10-22,204.119,204.119,0.0
2024-10-23,204.1604,204.1604,0.0
2024-10-24,202.3794,202.3794,0.0
2024-10-25,199.0257,199.0257,0.0
2024-10-28,198.762,198.762,0.0
2024-10-29,199.6621,199.6621,0.0
2024-10-30,201.17,201.17,0.0
2024-10-31,204.7065,204.7065,0.0
2024-11-04,204.1821,204.1821,0.0
2024-11-05,203.8845,203.8845,0.0
2024-11-06,205.5932,205.5932,0.0
2024-11-07,204.9185,204.9185,0.0
2024-11-08,202.8558,202.8558,0.0
2024-11-11,201.1783,201.1783,0.0
2024-11-12,198.665,198.665,0.0
2024-11-13,194.6035,194.6035,0.0
2024-11-14,195.8825,195.8825,0.0
2024-11-18,194.9632,194.9632,0.0
2024-11-19,196.9149,196.9149,0.0
2024-11-21,196.0174,196.0174,0.0
2024-11-22,196.9679,196.9679,0.0
2024-11-25,201.2427,201.2427,0.0
2024-11-26,201.5981,201.5981,0.0
2024-11-27,202.2303,202.2303,0.0
2024-11-28,202.2046,202.2046,0.0
2024-11-29,203.2298,203.2298,0.0
2024-11-30,203.2306,203.2306,0.0
2024-12-02,203.0662,203.0662,0.0
2024-12-03,205.6142,205.6142,0.0
2024-12-04,206.8799,206.8799,0.0
2024-12-05,206.9634,206.9634,0.0
2024-12-06,207.7793,207.7793,0.0
2024-12-09,209.1188,209.1188,0.0
2024-12-10,210.1936,210.1936,0.0
2024-12-11,210.4887,210.4887,0.0
2024-12-12,209.1364,209.1364,0.0
2024-12-13,209.4705,209.4705,0.0
2024-12-16,209.9361,209.9361,0.0
2024-12-17,209.149,209.149,0.0
2024-12-18,208.9039,208.9039,0.0
2024-12-19,208.1814,208.1814,0.0
2024-12-20,203.8639,203.8639,0.0
2024-12-23,201.8235,201.8235,0.0
2024-12-24,201.9117,201.9117,0.0
2024-12-26,201.1712,201.1712,0.0
2024-12-27,202.2744,202.2744,0.0
2024-12-30,200.9474,200.9474,0.0
2024-12-31,202.025,202.025,0.0
2025-01-01,204.0133,204.0133,0.0
2025-01-02,204.958,204.958,0.0
2025-01-03,204.7473,204.7473,0.0
2025-01-06,199.9325,199.9325,0.0
2025-01-07,201.51,201.51,0.0
2025-01-08,199.1083,199.1083,0.0
2025-01-09,197.3978,197.3978,0.0
2025-01-10,194.0951,194.0951,0.0
2025-01-13,187.9708,187.9708,0.0
2025-01-14,189.4394,189.4394,0.0
2025-01-15,190.2908,190.2908,0.0
2025-01-16,191.5461,191.5461,0.0
2025-01-17,190.5474,190.5474,0.0
2025-01-20,191.8699,191.8699,0.0
2025-01-21,189.0302,189.0302,0.0
2025-01-22,186.9925,186.9925,0.0
2025-01-23,187.6026,187.6026,0.0
2025-01-24,184.8357,184.8357,0.0
2025-01-27,181.1505,181.1505,0.0
2025-01-28,179.9981,179.9981,0.0
2025-01-29,184.474,184.474,0.0
2025-01-30,183.9481,183.9481,0.0
2025-01-31,185.8927,185.8927,0.0
2025-02-03,186.5887,186.5887,0.0
2025-02-04,187.7402,187.7402,0.0
2025-02-05,188.0012,188.0012,0.0
2025-02-06,188.2236,188.2236,0.0
2025-02-07,186.6001,186.6001,0.0
2025-02-10,183.4947,183.4947,0.0
2025-02-11,178.8097,178.8097,0.0
2025-02-12,178.0673,178.0673,0.0
2025-02-13,177.2214,177.2214,0.0
2025-02-14,173.7027,173.7027,0.0
2025-02-17,172.6017,172.6017,0.0
2025-02-18,170.6351,170.6351,0.0
2025-02-19,172.8542,172.8542,0.0
2025-02-20,173.7251,173.7251,0.0
2025-02-21,173.194,173.194,0.0
2025-02-24,171.0281,171.0281,0.0
2025-02-25,170.5772,170.5772,0.0
2025-02-27,169.2761,169.2761,0.0
2025-02-28,167.2753,167.2753,0.0
2025-03-03,166.5363,166.5363,0.0
2025-03-04,167.4144,167.4144,0.0
2025-03-05,170.5378,170.5378,0.0
2025-03-06,173.0546,173.0546,0.0
2025-03-07,173.6464,173.6464,0.0
2025-03-10,171.8878,171.8878,0.0
2025-03-11,170.8118,170.8118,0.0
2025-03-12,170.9127,170.9127,0.0
2025-03-13,170.4454,170.4454,0.0
2025-03-17,170.8415,170.8415,0.0
2025-03-18,174.3065,174.3065,0.0
2025-03-19,176.277,176.277,0.0
2025-03-20,177.2546,177.2546,0.0
2025-03-21,179.8765,179.8765,0.0
2025-03-24,181.6626,181.6626,0.0
2025-03-25,181.1499,181.1499,0.0
2025-03-26,178.8617,178.8617,0.0
2025-03-27,178.6535,178.6535,0.0
2025-03-28,178.5548,178.5548,0.0
2025-03-31,178.5628,178.5628,0.0
2025-04-01,178.3073,178.3073,0.0
2025-04-02,180.504,180.504,0.0
2025-04-03,181.0205,181.0205,0.0
2025-04-04,176.8853,176.8853,0.0
2025-04-07,171.893,171.893,0.0
2025-04-08,174.6198,174.6198,0.0
2025-04-09,173.4024,173.4024,0.0
2025-04-11,177.359,177.359,0.0
2025-04-15,181.4688,181.4688,0.0
2025-04-16,182.6797,182.6797,0.0
2025-04-17,183.494,183.494,0.0
2025-04-21,186.1086,186.1086,0.0
2025-04-22,187.4594,187.4594,0.0
2025-04-23,187.4918,187.4918,0.0
2025-04-24,187.4442,187.4442,0.0
2025-04-25,184.3892,184.3892,0.0
2025-04-28,184.7984,184.7984,0.0
2025-04-29,184.4749,184.4749,0.0
2025-04-30,181.8527,181.8527,0.0
2025-05-02,181.6763,181.6763,0.0
2025-05-05,183.67,183.67,0.0
2025-05-06,180.8742,180.8742,0.0
2025-05-07,182.5147,182.5147,0.0
2025-05-08,181.2148,181.2148,0.0
2025-05-09,180.3079,180.3079,0.0
2025-05-12,185.5194,185.5194,0.0
2025-05-13,185.9199,185.9199,0.0
2025-05-14,188.3401,188.3401,0.0
2025-05-15,189.7716,189.7716,0.0
2025-05-16,190.5543,190.5543,0.0
2025-05-19,192.0015,192.0015,0.0
2025-05-20,190.162,190.162,0.0
2025-05-21,190.2708,190.2708,0.0
2025-05-22,190.2297,190.2297,0.0
2025-05-23,190.7428,190.7428,0.0
2025-05-26,192.0116,192.0116,0.0
2025-05-27,191.6915,191.6915,0.0
2025-05-28,192.2322,192.2322,0.0
2025-05-29,192.4906,192.4906,0.0
2025-05-30,192.6772,192.6772,0.0
2025-05-31,192.6784,192.6784,0.0
2025-06-02,193.0141,193.0141,0.0
2025-06-03,193.3558,193.3558,0.0
2025-06-04,193.3241,193.3241,0.0
2025-06-05,193.4622,193.4622,0.0
2025-06-06,194.4367,194.4367,0.0
2025-06-09,196.2268,196.2268,0.0
2025-06-10,196.3203,196.3203,0.0
2025-06-11,196.3155,196.3155,0.0
2025-06-12,194.3159,194.3159,0.0
2025-06-13,193.8702,193.8702,0.0
2025-06-16,194.3117,194.3117,0.0
2025-06-17,194.4976,194.4976,0.0
2025-06-18,194.7498,194.7498,0.0
2025-06-19,192.1535,192.1535,0.0
2025-06-20,192.5872,192.5872,0.0
2025-06-23,192.973,192.973,0.0
2025-06-24,194.4838,194.4838,0.0
2025-06-25,197.4405,197.4405,0.0
2025-06-26,197.2286,197.2286,0.0
2025-06-27,198.0688,198.0688,0.0
2025-06-30,200.3178,200.3178,0.0
2025-07-01,200.2672,200.2672,0.0
2025-07-02,199.3409,199.3409,0.0
2025-07-03,200.0186,200.0186,0.0
2025-07-04,200.6762,200.6762,0.0
2025-07-07,200.3235,200.3235,0.0
2025-07-08,200.4396,200.4396,0.0
2025-07-09,201.3287,201.3287,0.0
2025-07-10,201.5985,201.5985,0.0
2025-07-11,201.2606,201.2606,0.0
2025-07-14,202.0189,202.0189,0.0
2025-07-15,203.9268,203.9268,0.0
2025-07-16,203.6835,203.6835,0.0
2025-07-17,204.9043,204.9043,0.0
2025-07-18,204.0356,204.0356,0.0
2025-07-21,203.8028,203.8028,0.0
2025-07-22,203.3714,203.3714,0.0
2025-07-23,203.9043,203.9043,0.0
2025-07-24,202.721,202.721,0.0
2025-07-25,199.4349,199.4349,0.0
2025-07-28,197.4629,197.4629,0.0
2025-07-29,197.8146,197.8146,0.0
2025-07-30,198.4508,198.4508,0.0
2025-07-31,197.489,197.489,0.0
2025-08-01,194.9548,194.9548,0.0
2025-08-04,195.6536,195.6536,0.0
2025-08-05,194.9731,194.9731,0.0
2025-08-06,193.5756,193.5756,0.0
2025-08-07,193.0064,193.0064,0.0
2025-08-08,191.9575,191.9575,0.0
2025-08-11,193.1584,193.1584,0.0
2025-08-12,192.705,192.705,0.0
2025-08-13,192.9222,192.9222,0.0
2025-08-14,193.4131,193.4131,0.0
2025-08-18,196.9203,196.9203,0.0
2025-08-19,198.0389,198.0389,0.0
2025-08-20,198.8477,198.8477,0.0
2025-08-21,200.0554,200.0554,0.0
2025-08-22,199.1156,199.1156,0.0
2025-08-25,198.7805,198.7805,0.0
2025-08-26,195.5946,195.5946,0.0
2025-08-28,194.4893,194.4893,0.0
2025-08-29,193.7532,193.7532,0.0
2025-08-31,193.7537,193.7537,0.0
2025-09-01,195.7343,195.7343,0.0
2025-09-02,196.2367,196.2367,0.0
2025-09-03,197.6325,197.6325,0.0
2025-09-04,197.6887,197.6887,0.0
2025-09-05,197.5939,197.5939,0.0
2025-09-08,197.448,197.448,0.0
2025-09-09,198.2444,198.2444,0.0
2025-09-10,198.7075,198.7075,0.0
2025-09-11,198.9835,198.9835,0.0
2025-09-12,199.0716,199.0716,0.0
2025-09-15,200.0967,200.0967,0.0
2025-09-16,201.1795,201.1795,0.0
2025-09-17,201.82,201.82,0.0
2025-09-18,201.5447,201.5447,0.0
2025-09-19,201.306,201.306,0.0
2025-09-22,200.2539,200.2539,0.0
2025-09-23,199.4573,199.4573,0.0
2025-09-24,198.8861,198.8861,0.0
2025-09-25,197.3447,197.3447,0.0
2025-09-26,194.0973,194.0973,0.0
2025-09-30,193.8822,193.8822,0.0
2025-10-01,195.0856,195.0856,0.0
2025-10-03,196.2965,196.2965,0.0
2025-10-06,196.5483,196.5483,0.0
2025-10-07,196.4294,196.4294,0.0
2025-10-08,195.8587,195.8587,0.0
2025-10-09,195.0376,195.0376,0.0
2025-10-10,195.1185,195.1185,0.0
2025-10-13,194.5364,194.5364,0.0
2025-10-14,193.3975,193.3975,0.0
2025-10-15,194.7,194.7,0.0
2025-10-16,196.9521,196.9521,0.0
2025-10-17,197.1075,197.1075,0.0
2025-10-20,197.5258,197.5258,0.0
2025-10-23,198.7521,198.7521,0.0
2025-10-24,198.4115,198.4115,0.0
2025-10-27,199.7965,199.7965,0.0
2025-10-28,200.6348,200.6348,0.0
2025-10-29,201.0375,201.0375,0.0
2025-10-30,200.5185,200.5185,0.0
2025-10-31,199.8234,199.8234,0.0
2025-11-03,200.9709,200.9709,0.0
2025-11-04,200.4678,200.4678,0.0
2025-11-06,197.8032,197.8032,0.0
2025-11-07,197.315,197.315,0.0
2025-11-10,196.2451,196.2451,0.0
2025-11-11,196.4486,196.4486,0.0
2025-11-12,196.884,196.884,0.0
2025-11-13,196.5465,196.5465,0.0
2025-11-14,197.0676,197.0676,0.0
2025-11-17,197.9212,197.9212,0.0
2025-11-18,196.9478,196.9478,0.0
2025-11-19,196.528,196.528,0.0
2025-11-20,196.0732,196.0732,0.0
2025-11-21,194.2517,194.2517,0.0
2025-11-24,193.9092,193.9092,0.0
2025-11-25,194.2042,194.2042,0.0
2025-11-26,195.8555,195.8555,0.0
2025-11-27,195.149,195.149,0.0
2025-11-28,194.9784,194.9784,0.0
2025-11-30,194.979,194.979,0.0
2025-12-01,195.3626,195.3626,0.0
2025-12-02,194.4312,194.4312,0.0
2025-12-03,194.3355,194.3355,0.0
2025-12-04,193.4599,193.4599,0.0
2025-12-05,193.1451,193.1451,0.0
2025-12-08,190.1591,190.1591,0.0
2025-12-09,191.3573,191.3573,0.0
2025-12-10,191.2557,191.2557,0.0
2025-12-11,191.4952,191.4952,0.0
2025-12-12,192.3377,192.3377,0.0
2025-12-15,193.1325,193.1325,0.0
2025-12-16,191.3143,191.3143,0.0
2025-12-17,190.0621,190.0621,0.0
2025-12-18,189.542,189.542,0.0
2025-12-19,191.1157,191.1157,0.0
2025-12-22,192.2573,192.2573,0.0
2025-12-23,193.2652,193.2652,0.0
2025-12-24,193.2848,193.2848,0.0
2025-12-26,192.5913,192.5913,0.0
2025-12-29,192.541,192.541,0.0
2025-12-30,191.9501,191.9501,0.0
2025-12-31,193.7724,193.7724,0.0
2026-01-01,193.6417,193.6417,0.0
2026-01-02,194.574,194.574,0.0
2026-01-05,194.3786,194.3786,0.0
2026-01-06,193.7027,193.7027,0.0
2026-01-07,193.3173,193.3173,0.0
2026-01-08,190.16,190.16,0.0
2026-01-09,187.0971,187.0971,0.0
2026-01-12,186.1837,186.1837,0.0
2026-01-13,187.6594,187.6594,0.0
2026-01-14,187.3375,187.3375,0.0
2026-01-16,186.9719,186.9719,0.0
2026-01-19,185.4042,185.4042,0.0
2026-01-20,181.835,181.835,0.0
2026-01-21,181.5325,181.5325,0.0
2026-01-22,182.7544,182.7544,0.0
2026-01-23,179.8035,179.8035,0.0
2026-01-27,179.5515,179.5515,0.0
2026-01-28,181.0873,181.0873,0.0
2026-01-29,179.9408,179.9408,0.0
2026-01-30,183.3021,183.3021,0.0
2026-01-31,183.301,183.301,0.0
2026-02-02,180.5424,180.5424,0.0
2026-02-03,186.7009,186.7009,0.0
2026-02-04,186.7774,186.7774,0.0
2026-02-05,185.6949,185.6949,0.0
2026-02-06,184.627,184.627,0.0
2026-02-09,188.469,188.469,0.0
2026-02-10,189.019,189.019,0.0
2026-02-11,189.7464,189.7464,0.0
2026-02-12,189.6029,189.6029,0.0
2026-02-13,187.236,187.236,0.0
2026-02-16,185.8471,185.8471,0.0
2026-02-17,187.6437,187.6437,0.0
2026-02-18,188.2128,188.2128,0.0
2026-02-19,186.6666,186.6666,0.0
2026-02-20,186.2228,186.2228,0.0
2026-02-23,187.5721,187.5721,0.0
2026-02-24,186.208,186.208,0.0
2026-02-25,186.0488,186.0488,0.0
2026-02-26,186.095,186.095,0.0
2026-02-27,184.7581,184.7581,0.0
2026-02-28,184.7579,184.7579,0.0
2026-03-02,181.3175,181.3175,0.0
2026-03-04,177.9961,177.9961,0.0
2026-03-05,179.3239,179.3239,0.0
2026-03-06,178.9784,178.9784,0.0
2026-03-09,175.7742,175.7742,0.0
2026-03-10,178.8419,178.8419,0.0
2026-03-11,178.3891,178.3891,0.0
2026-03-12,177.9888,177.9888,0.0
2026-03-13,173.9754,173.9754,0.0
2026-03-16,173.8198,173.8198,0.0
2026-03-17,174.0628,174.0628,0.0
2026-03-18,177.4908,177.4908,0.0
2026-03-19,173.9004,173.9004,0.0
2026-03-20,174.6205,174.6205,0.0
2026-03-23,169.1091,169.1091,0.0
2026-03-24,172.0049,172.0049,0.0
2026-03-25,175.4211,175.4211,0.0
2026-03-27,172.4739,172.4739,0.0
2026-03-30,169.3708,169.3708,0.0
2026-03-31,169.3706,169.3706,0.0
2026-04-01,173.782,173.782,0.0
2026-04-02,173.8471,173.8471,0.0
2026-04-06,174.9151,174.9151,0.0
2026-04-07,174.8342,174.8342,0.0
2026-04-08,180.5783,180.5783,0.0
2026-04-09,181.2455,181.2455,0.0
2026-04-10,184.6967,184.6967,0.0
2026-04-13,184.3491,184.3491,0.0
2026-04-15,187.2786,187.2786,0.0
2026-04-16,188.3316,188.3316,0.0
2026-04-17,190.5242,190.5242,0.0
2026-04-20,191.0583,191.0583,0.0
2026-04-21,192.6397,192.6397,0.0
2026-04-22,194.1928,194.1928,0.0
2026-04-23,193.0317,193.0317,0.0
2026-04-24,191.0425,191.0425,0.0
2026-04-27,193.8317,193.8317,0.0
2026-04-28,193.4843,193.4843,0.0
2026-04-29,194.1523,194.1523,0.0
2026-04-30,193.4131,193.4131,0.0
2026-05-04,195.4469,195.4469,0.0
2026-05-05,194.5618,194.5618,0.0
2026-05-06,196.0036,196.0036,0.0
2026-05-07,197.4753,197.4753,0.0
2026-05-08,196.8821,196.8821,0.0
2026-05-11,195.586,195.586,0.0
2026-05-12,190.6152,190.6152,0.0
2026-05-13,190.464,190.464,0.0
2026-05-14,189.9345,189.9345,0.0
2026-05-15,190.2405,190.2405,0.0
2026-05-18,187.9126,187.9126,0.0
2026-05-19,189.5553,189.5553,0.0
2026-05-20,189.8661,189.8661,0.0
2026-05-21,191.7575,191.7575,0.0
2026-05-22,192.1227,192.1227,0.0
2026-05-25,193.5599,193.5599,0.0
2026-05-26,194.2258,194.2258,0.0
2026-05-27,195.0501,195.0501,0.0
2026-05-29,193.6848,193.6848,0.0
2026-05-31,193.6836,193.6836,0.0
2026-06-01,192.3195,192.3195,0.0
2026-06-02,193.1295,193.1295,0.0
2026-06-03,194.081,194.081,0.0
2026-06-04,194.522,194.522,0.0
2026-06-05,194.7547,194.7547,0.0
2026-06-08,191.9092,191.9092,0.0
2026-06-09,194.3813,194.3813,0.0
2026-06-10,193.4371,193.4371,0.0
2026-06-11,192.6722,192.6722,0.0
2026-06-12,196.5577,196.5577,0.0
2026-06-15,198.032,198.032,0.0
2026-06-16,198.6152,198.6152,0.0
2026-06-17,199.8302,199.8302,0.0
2026-06-18,200.9565,200.9565,0.0
2026-06-19,202.0761,202.0761,0.0
2026-06-22,204.1263,204.1263,0.0
2026-06-23,203.5443,203.5443,0.0
2026-06-24,205.0655,205.0655,0.0
2026-06-25,203.9157,203.9157,0.0
2026-06-29,205.1035,205.1035,0.0
2026-06-30,206.8355,206.8355,0.0
2026-07-01,206.4778,206.4778,0.0
2026-07-02,208.5373,208.5373,0.0
2026-07-03,207.3461,207.3461,0.0
2026-07-06,207.3912,207.3912,0.0
2026-07-07,206.4025,206.4025,0.0
2026-07-08,204.4035,204.4035,0.0
2026-07-09,206.8141,206.8141,0.0
2026-07-10,208.3518,208.3518,0.0
2026-07-13,208.1546,208.1546,0.0
2026-07-14,207.3738,207.3738,0.0
2026-07-15,209.4506,209.4506,0.0
2026-07-16,208.7624,208.7624,0.0
2026-07-17,208.9152,208.9152,0.0
2026-07-20,209.4466,209.4466,0.0
2026-07-21,210.09,210.09,0.0
2026-07-22,207.6748,207.6748,0.0
2026-07-23,205.5539,205.5539,0.0
2026-07-24,204.8535,204.8535,0.0
2026-07-27,206.7707,206.7707,0.0
